Chr_n,Chr,Pos,Ref,Alt,RSID,cpra_id,chr_cpra_id,Effect_Allele,Apolipoprotein_B_Pos,CRP_Neg,Diffusivity_inferior_longitudinal_fasciculus_Neg,ICVF_Cingulum_CingulateR,Proinsulin_Neg,T2stat_PutamenL_Neg,Total_GRS
19,chr19,44693694,G,A,rs151330717,19:44693694:G:A,chr19:44693694:G:A,G,6.00804115098748,0,0,0,0,0,8.43953610903356
19,chr19,44696940,C,T,rs75974038,19:44696940:C:T,chr19:44696940:C:T,C,1.31238405674787,0,0,0,0,0,8.78445833403667
19,chr19,44717621,T,C,rs11881756,19:44717621:T:C,chr19:44717621:T:C,T,2.51272215447687,0,1.05265146239068,0,0,0,9.9689589013308
19,chr19,44799694,A,G,rs2967668,19:44799694:A:G,chr19:44799694:A:G,A,1.35031008387704,0,0,0,0,0,13.8859754871494
19,chr19,44834661,G,A,rs147711004,19:44834661:G:A,chr19:44834661:G:A,A,1.19813720743763,2.38455993721198,1.84119125080514,0,0,0,39.3407977311966
19,chr19,44854682,A,G,rs2927468,19:44854682:A:G,chr19:44854682:A:G,G,1.14251762741573,1.81256691642643,2.31361923284568,0,0,0,19.9418295439802
19,chr19,44890259,C,T,rs117310449,19:44890259:C:T,chr19:44890259:C:T,T,1.15828430221813,1.68116272510667,0,0,0,0,25.4381272845987
19,chr19,44892009,G,A,rs157580,19:44892009:G:A,chr19:44892009:G:A,A,1.92700235682975,2.9072151348647,0,0,0,0,37.753795396145
19,chr19,44908822,C,T,rs7412,19:44908822:C:T,chr19:44908822:C:T,C,12.5674846744609,0,0,0,0,0,26.6948360059442
19,chr19,44935386,A,G,rs4263041,19:44935386:A:G,chr19:44935386:A:G,A,1.94306009824057,0,0,0,0,0,3.00837511210862
19,chr19,44973854,C,T,rs204480,19:44973854:C:T,chr19:44973854:C:T,C,1.01682758408184,0,0,0,0,0,7.55729110027886
19,chr19,45187791,T,C,rs62118471,19:45187791:T:C,chr19:45187791:T:C,T,1.3440490090256,0,0,0,0,0,4.26769622758033
19,chr19,44860563,T,G,rs138607350,19:44860563:T:G,chr19:44860563:T:G,G,0,1.5916861899203,0,0,0,0,19.342922108958
19,chr19,44879460,G,A,rs406456,19:44879460:G:A,chr19:44879460:G:A,G,0,1.66395143760557,0,0,0,0,24.7510158657994
19,chr19,44881674,G,A,rs79701229,19:44881674:G:A,chr19:44881674:G:A,A,0,1.38575700531172,0,0,0,0,21.4510174308368
19,chr19,44900667,C,T,rs1160984,19:44900667:C:T,chr19:44900667:C:T,C,0,1.30991540083851,0,0,0,0,11.95461226853
19,chr19,44903416,G,A,rs10119,19:44903416:G:A,chr19:44903416:G:A,A,0,4.99449576908011,0,0,0,0,39.3407977311966
19,chr19,44933496,C,T,rs114533385,19:44933496:C:T,chr19:44933496:C:T,T,0,1.44056564880945,0,0,0,0,16.9374871980519
2,chr2,127068392,G,A,rs934826,2:127068392:G:A,chr2:127068392:G:A,G,0,0,1.76556637854725,0,0,0,3.55926580334628
2,chr2,127074824,T,C,rs185245908,2:127074824:T:C,chr2:127074824:T:C,C,0,0,1.64415813750907,0,0,0,3.17262530490425
2,chr2,127135234,C,T,rs6733839,2:127135234:C:T,chr2:127135234:C:T,T,0,0,1.32730382855307,0,0,1.32716442861133,12.1501409902568
2,chr2,203184117,G,A,rs10932008,2:203184117:G:A,chr2:203184117:G:A,A,0,0,2.26287194247001,0,0,0,4.37240016055578
2,chr2,43508574,C,T,rs6761129,2:43508574:C:T,chr2:43508574:C:T,C,0,0,2.082127198068,0,0,0,2.44809484696573
5,chr5,177559423,G,A,rs335473,5:177559423:G:A,chr5:177559423:G:A,A,0,0,1.06170658992578,0,0,0,4.6261863877855
6,chr6,34827184,G,A,rs11754574,6:34827184:G:A,chr6:34827184:G:A,G,0,0,1.25169459211485,0,0,1.49333007693774,4.74599004681901
7,chr7,8204779,A,G,rs4725076,7:8204779:A:G,chr7:8204779:A:G,A,0,0,1.19823010903416,0,0,0,2.88952530173194
8,chr8,144103704,G,A,rs34173062,8:144103704:G:A,chr8:144103704:G:A,A,0,0,2.23843926428505,0,0,0,4.1073140228073
8,chr8,94988691,A,G,rs4734295,8:94988691:A:G,chr8:94988691:A:G,G,0,0,1.43207611875552,0,0,0,3.37863876017752
11,chr11,121564878,T,C,rs11218343,11:121564878:T:C,chr11:121564878:T:C,T,0,0,1.20618404680524,0,0,0,6.85068260124922
11,chr11,122688142,T,C,rs10750219,11:122688142:T:C,chr11:122688142:T:C,T,0,0,1.05119201255463,0,0,0,2.41046519152244
14,chr14,52924962,A,G,rs17125924,14:52924962:A:G,chr14:52924962:A:G,G,0,0,1.24593030189439,0,0,0,6.03819485180374
17,chr17,49373413,G,A,rs28394864,17:49373413:G:A,chr17:49373413:G:A,A,0,0,1.55801550184343,0,1.37512844358617,0,6.29162795923019
19,chr19,18400115,T,C,rs3859570,19:18400115:T:C,chr19:18400115:T:C,C,0,0,1.09119837877297,0,0,0,4.05153726392194
19,chr19,44738381,A,G,rs2927437,19:44738381:A:G,chr19:44738381:A:G,A,0,0,1.42450565163822,0,0,0,20.5528336136984
19,chr19,44826181,G,A,rs78986976,19:44826181:G:A,chr19:44826181:G:A,G,0,0,1.1535695395583,0,0,0,7.44323654580547
19,chr19,44912842,G,A,rs72654437,19:44912842:G:A,chr19:44912842:G:A,G,0,0,1.12558004541535,0,0,0,6.66307399135682
19,chr19,45049329,T,C,rs147188206,19:45049329:T:C,chr19:45049329:T:C,C,0,0,1.04533813889222,0,0,0,16.3665372052052
19,chr19,45125908,G,A,rs56089021,19:45125908:G:A,chr19:45125908:G:A,G,0,0,1.59420416720959,0,0,0,5.2605814834435
19,chr19,48716202,T,C,rs660745,19:48716202:T:C,chr19:48716202:T:C,C,0,0,1.47970574940887,0,0,1.6854853855802,4.89173191237407
1,chr1,201045838,C,T,rs12122809,1:201045838:C:T,chr1:201045838:C:T,T,0,0,0,1.7814117242722,0,0,4.76589957563295
5,chr5,157105941,A,G,rs4704850,5:157105941:A:G,chr5:157105941:A:G,G,0,0,0,1.42407315693599,0,0,5.2207016280511
6,chr6,28259100,G,A,rs1531681,6:28259100:G:A,chr6:28259100:G:A,G,0,0,0,1.59789024867292,0,0,4.63997561445958
7,chr7,100334426,C,T,rs7384878,7:100334426:C:T,chr7:100334426:C:T,T,0,0,0,1.64324787549148,0,0,7.37383767331813
7,chr7,54881563,A,G,rs74504435,7:54881563:A:G,chr7:54881563:A:G,A,0,0,0,3.85155750218567,0,0,3.33596098206445
9,chr9,93087343,T,G,rs28468656,9:93087343:T:G,chr9:93087343:T:G,G,0,0,0,1.4649447553466,0,0,4.9783160251583
10,chr10,60025170,T,G,rs7068231,10:60025170:T:G,chr10:60025170:T:G,G,0,0,0,1.1187364258443,0,0,5.57338696825717
16,chr16,30010081,C,T,rs1140239,16:30010081:C:T,chr16:30010081:C:T,C,0,0,0,1.16514847337817,0,1.79013308328372,3.2611032203363
17,chr17,45720994,A,G,rs55938136,17:45720994:A:G,chr17:45720994:A:G,A,0,0,0,5.38495982720367,1.28115414289835,0,2.57906675569596
17,chr17,46107462,G,T,rs4510068,17:46107462:G:T,chr17:46107462:G:T,G,0,0,0,3.24416095844579,1.28490043916638,0,2.64699916553739
17,chr17,58363181,G,T,rs2680700,17:58363181:G:T,chr17:58363181:G:T,G,0,0,0,1.38108874157565,0,0,3.88024278295046
19,chr19,1833339,G,T,rs732310,19:1833339:G:T,chr19:1833339:G:T,G,0,0,0,1.55100915792298,0,0,3.07069222170332
19,chr19,51224706,C,A,rs3865444,19:51224706:C:A,chr19:51224706:C:A,C,0,0,0,1.15118136132409,0,0,6.84838359964818
8,chr8,125445311,A,G,rs13273254,8:125445311:A:G,chr8:125445311:A:G,G,0,0,0,0,1.04769087440246,0,3.04723363495052
11,chr11,47395195,C,T,rs1377416,11:47395195:C:T,chr11:47395195:C:T,T,0,0,0,0,5.12653104196992,0,5.92625907074475
11,chr11,47726257,T,C,rs11039359,11:47726257:T:C,chr11:47726257:T:C,T,0,0,0,0,1.4654239581909,0,2.36371461446498
2,chr2,9543567,T,C,rs10179642,2:9543567:T:C,chr2:9543567:T:C,C,0,0,0,0,0,1.07329870356528,2.27234752374276
4,chr4,837393,G,A,rs11736866,4:837393:G:A,chr4:837393:G:A,A,0,0,0,0,0,1.10688074606775,4.33518072959142
7,chr7,12243650,T,C,rs6460906,7:12243650:T:C,chr7:12243650:T:C,T,0,0,0,0,0,1.39181910112538,5.498625890446
7,chr7,1547026,T,C,rs3779607,7:1547026:T:C,chr7:1547026:T:C,C,0,0,0,0,0,1.09848442702341,4.90685478906981
11,chr11,86156833,A,G,rs10792832,11:86156833:A:G,chr11:86156833:A:G,G,0,0,0,0,0,1.42032802565179,10.5006310512969
14,chr14,92464917,G,A,rs7401792,14:92464917:G:A,chr14:92464917:G:A,G,0,0,0,0,0,1.0452955088098,6.06536484902841
15,chr15,78936857,A,G,rs12592898,15:78936857:A:G,chr15:78936857:A:G,G,0,0,0,0,0,1.61872117522911,4.53984156831718
16,chr16,31143037,G,A,rs78924645,16:31143037:G:A,chr16:31143037:G:A,G,0,0,0,0,0,1.34155493667351,4.25958396437459
16,chr16,90103687,G,A,rs56407236,16:90103687:G:A,chr16:90103687:G:A,A,0,0,0,0,0,1.80813377183669,4.23088737550095
17,chr17,44352876,C,T,rs5848,17:44352876:C:T,chr17:44352876:C:T,T,0,0,0,0,0,1.02254074295575,5.64699221850371
19,chr19,44881845,G,A,rs78754926,19:44881845:G:A,chr19:44881845:G:A,G,0,0,0,0,0,1.30069475129632,3.3818061304866
1,chr1,161185602,G,A,rs4575098,1:161185602:G:A,chr1:161185602:G:A,A,0,0,0,0,0,0,5.45275154099997
1,chr1,181755073,A,G,rs704331,1:181755073:A:G,chr1:181755073:A:G,G,0,0,0,0,0,0,2.85603745155943
1,chr1,207518704,A,G,rs6656401,1:207518704:A:G,chr1:207518704:A:G,A,0,0,0,0,0,0,9.8304047915762
1,chr1,40164022,G,A,rs61502285,1:40164022:G:A,chr1:40164022:G:A,A,0,0,0,0,0,0,4.59384454373615
1,chr1,42406111,G,T,rs12403406,1:42406111:G:T,chr1:42406111:G:T,T,0,0,0,0,0,0,2.60649077109064
1,chr1,6929356,T,G,rs111677930,1:6929356:T:G,chr1:6929356:T:G,T,0,0,0,0,0,0,4.00458323411407
2,chr2,117201103,A,G,rs74851408,2:117201103:A:G,chr2:117201103:A:G,A,0,0,0,0,0,0,2.41982992985528
2,chr2,127072643,A,C,rs17014873,2:127072643:A:C,chr2:127072643:A:C,C,0,0,0,0,0,0,5.99969448269192
2,chr2,127130409,C,A,rs12989701,2:127130409:C:A,chr2:127130409:C:A,A,0,0,0,0,0,0,6.7772022267699
2,chr2,134865290,T,C,rs3819121,2:134865290:T:C,chr2:134865290:T:C,C,0,0,0,0,0,0,5.31529289240862
2,chr2,233151801,G,A,rs142911999,2:233151801:G:A,chr2:233151801:G:A,G,0,0,0,0,0,0,4.22352828676452
2,chr2,37306032,T,C,rs2268987,2:37306032:T:C,chr2:37306032:T:C,C,0,0,0,0,0,0,3.8942582768098
3,chr3,136716306,T,C,rs139270227,3:136716306:T:C,chr3:136716306:T:C,T,0,0,0,0,0,0,3.69753227034351
3,chr3,140414676,T,C,rs144277025,3:140414676:T:C,chr3:140414676:T:C,C,0,0,0,0,0,0,4.79602142301944
3,chr3,155044191,T,G,rs111797204,3:155044191:T:G,chr3:155044191:T:G,T,0,0,0,0,0,0,4.3738111617772
3,chr3,155084189,A,G,rs61762319,3:155084189:A:G,chr3:155084189:A:G,G,0,0,0,0,0,0,3.80133396530662
3,chr3,155564643,A,G,rs359539,3:155564643:A:G,chr3:155564643:A:G,G,0,0,0,0,0,0,4.28780743696304
3,chr3,56335481,G,T,rs1452213,3:56335481:G:T,chr3:56335481:G:T,T,0,0,0,0,0,0,2.58436631565845
3,chr3,6654224,T,G,rs62245327,3:6654224:T:G,chr3:6654224:T:G,G,0,0,0,0,0,0,4.67982490475745
4,chr4,103255083,C,T,rs6822989,4:103255083:C:T,chr4:103255083:C:T,T,0,0,0,0,0,0,4.63982757247673
4,chr4,10973613,C,T,rs28572519,4:10973613:C:T,chr4:10973613:C:T,T,0,0,0,0,0,0,3.00658719031667
4,chr4,11023507,C,T,rs6846529,4:11023507:C:T,chr4:11023507:C:T,C,0,0,0,0,0,0,6.88066263751083
4,chr4,112061367,G,T,rs28636611,4:112061367:G:T,chr4:112061367:G:T,T,0,0,0,0,0,0,3.68529117779221
4,chr4,11717422,T,C,rs13133301,4:11717422:T:C,chr4:11717422:T:C,T,0,0,0,0,0,0,3.18318505718957
4,chr4,143428711,A,G,rs111705443,4:143428711:A:G,chr4:143428711:A:G,A,0,0,0,0,0,0,4.72814232593223
4,chr4,158936387,A,G,rs11100203,4:158936387:A:G,chr4:158936387:A:G,A,0,0,0,0,0,0,4.91619340907118
4,chr4,87732464,A,G,rs2627690,4:87732464:A:G,chr4:87732464:A:G,G,0,0,0,0,0,0,2.621680284888
4,chr4,89704988,G,A,rs356181,4:89704988:G:A,chr4:89704988:G:A,A,0,0,0,0,0,0,4.67437614947822
4,chr4,94939651,T,G,rs60826912,4:94939651:T:G,chr4:94939651:T:G,T,0,0,0,0,0,0,2.19028835724205
4,chr4,960186,T,G,rs4690197,4:960186:T:G,chr4:960186:T:G,G,0,0,0,0,0,0,3.54755214269211
5,chr5,130538107,G,T,rs10077003,5:130538107:G:T,chr5:130538107:G:T,T,0,0,0,0,0,0,5.11308623378568
5,chr5,14654355,A,G,rs6554856,5:14654355:A:G,chr5:14654355:A:G,A,0,0,0,0,0,0,3.17993712070454
5,chr5,151052827,C,T,rs871269,5:151052827:C:T,chr5:151052827:C:T,C,0,0,0,0,0,0,5.56568609579809
5,chr5,154308540,G,A,rs6890748,5:154308540:G:A,chr5:154308540:G:A,A,0,0,0,0,0,0,3.84339599644661
5,chr5,180201150,G,A,rs113706587,5:180201150:G:A,chr5:180201150:G:A,A,0,0,0,0,0,0,4.68046935109647
5,chr5,81598838,T,C,rs77210365,5:81598838:T:C,chr5:81598838:T:C,C,0,0,0,0,0,0,4.79678222224336
5,chr5,87002714,C,T,rs62375397,5:87002714:C:T,chr5:87002714:C:T,T,0,0,0,0,0,0,3.74584838740869
5,chr5,87149815,A,G,rs2624217,5:87149815:A:G,chr5:87149815:A:G,A,0,0,0,0,0,0,5.12636285586547
6,chr6,114361563,G,A,rs976271,6:114361563:G:A,chr6:114361563:G:A,A,0,0,0,0,0,0,3.13758247574603
6,chr6,22306469,A,C,rs6910948,6:22306469:A:C,chr6:22306469:A:C,C,0,0,0,0,0,0,4.51858953633707
6,chr6,41161469,C,T,rs143332484,6:41161469:C:T,chr6:41161469:C:T,T,0,0,0,0,0,0,4.69248170599795
6,chr6,41192063,A,G,rs9394766,6:41192063:A:G,chr6:41192063:A:G,A,0,0,0,0,0,0,5.72630066086578
6,chr6,41272084,C,T,rs4714447,6:41272084:C:T,chr6:41272084:C:T,T,0,0,0,0,0,0,4.02429888215624
6,chr6,47464901,C,T,rs9381563,6:47464901:C:T,chr6:47464901:C:T,C,0,0,0,0,0,0,7.37161161865534
6,chr6,47921315,T,C,rs76981546,6:47921315:T:C,chr6:47921315:T:C,T,0,0,0,0,0,0,5.13625576833276
7,chr7,100582234,G,A,rs11761260,7:100582234:G:A,chr7:100582234:G:A,A,0,0,0,0,0,0,4.68508389474004
7,chr7,129674428,G,A,rs62489295,7:129674428:G:A,chr7:129674428:G:A,G,0,0,0,0,0,0,4.92464952245349
7,chr7,138167565,C,T,rs2633358,7:138167565:C:T,chr7:138167565:C:T,C,0,0,0,0,0,0,2.93022575305217
7,chr7,13987932,G,A,rs7789916,7:13987932:G:A,chr7:13987932:G:A,G,0,0,0,0,0,0,4.46145426098147
7,chr7,156679146,T,C,rs2240643,7:156679146:T:C,chr7:156679146:T:C,C,0,0,0,0,0,0,4.62272140355264
7,chr7,28135367,T,C,rs67250450,7:28135367:T:C,chr7:28135367:T:C,T,0,0,0,0,0,0,4.03706899194584
7,chr7,37862567,A,G,rs2167264,7:37862567:A:G,chr7:37862567:A:G,G,0,0,0,0,0,0,3.72067117000274
7,chr7,42381742,G,T,rs56212465,7:42381742:G:T,chr7:42381742:G:T,G,0,0,0,0,0,0,2.68991947756461
7,chr7,7815977,T,C,rs12672077,7:7815977:T:C,chr7:7815977:T:C,C,0,0,0,0,0,0,2.67507075147093
8,chr8,102571882,C,T,rs10091076,8:102571882:C:T,chr8:102571882:C:T,C,0,0,0,0,0,0,4.11602231899008
8,chr8,125568924,G,A,rs897148,8:125568924:G:A,chr8:125568924:G:A,A,0,0,0,0,0,0,5.30971971029338
8,chr8,144099319,G,A,rs34674752,8:144099319:G:A,chr8:144099319:G:A,A,0,0,0,0,0,0,4.93127924455694
8,chr8,27362470,C,T,rs73223431,8:27362470:C:T,chr8:27362470:C:T,T,0,0,0,0,0,0,7.7413455529652
8,chr8,27476581,C,T,rs71519637,8:27476581:C:T,chr8:27476581:C:T,C,0,0,0,0,0,0,5.98238490274972
8,chr8,27487788,A,G,rs7017417,8:27487788:A:G,chr8:27487788:A:G,G,0,0,0,0,0,0,3.82260843923869
8,chr8,27610986,C,A,rs867230,8:27610986:C:A,chr8:27610986:C:A,A,0,0,0,0,0,0,8.96867746705837
8,chr8,55582721,G,A,rs140700298,8:55582721:G:A,chr8:55582721:G:A,A,0,0,0,0,0,0,3.02707458630897
8,chr8,70696215,C,T,rs111679419,8:70696215:C:T,chr8:70696215:C:T,T,0,0,0,0,0,0,2.75749924338779
10,chr10,11522422,C,T,rs4445554,10:11522422:C:T,chr10:11522422:C:T,C,0,0,0,0,0,0,4.51731311668943
10,chr10,11676714,A,G,rs7912495,10:11676714:A:G,chr10:11676714:A:G,G,0,0,0,0,0,0,6.53412724318918
10,chr10,122435969,A,G,rs7072204,10:122435969:A:G,chr10:122435969:A:G,A,0,0,0,0,0,0,4.4367253547956
10,chr10,42722997,T,C,rs117285649,10:42722997:T:C,chr10:42722997:T:C,C,0,0,0,0,0,0,2.16218453532224
10,chr10,53888997,G,T,rs61858327,10:53888997:G:T,chr10:53888997:G:T,T,0,0,0,0,0,0,4.62295722231413
10,chr10,58153390,C,T,rs1819658,10:58153390:C:T,chr10:58153390:C:T,C,0,0,0,0,0,0,2.7010395035027
10,chr10,68485177,T,C,rs534416199,10:68485177:T:C,chr10:68485177:T:C,C,0,0,0,0,0,0,2.24619382771114
10,chr10,80494228,C,T,rs6586028,10:80494228:C:T,chr10:80494228:C:T,T,0,0,0,0,0,0,4.0008116518011
10,chr10,88953474,A,C,rs149659291,10:88953474:A:C,chr10:88953474:A:C,C,0,0,0,0,0,0,2.17040797080233
10,chr10,96288508,A,G,rs117699776,10:96288508:A:G,chr10:96288508:A:G,A,0,0,0,0,0,0,3.96639771298415
11,chr11,121457150,G,A,rs582446,11:121457150:G:A,chr11:121457150:G:A,A,0,0,0,0,0,0,2.45761737751176
11,chr11,121482368,T,G,rs74685827,11:121482368:T:G,chr11:121482368:T:G,G,0,0,0,0,0,0,4.35151112876524
11,chr11,13544146,C,T,rs184852197,11:13544146:C:T,chr11:13544146:C:T,C,0,0,0,0,0,0,4.86534901840394
11,chr11,5335981,T,G,rs76953845,11:5335981:T:G,chr11:5335981:T:G,G,0,0,0,0,0,0,3.6963893471907
11,chr11,60194716,G,A,rs7926354,11:60194716:G:A,chr11:60194716:G:A,G,0,0,0,0,0,0,11.0862654743019
11,chr11,60277014,C,T,rs12226367,11:60277014:C:T,chr11:60277014:C:T,T,0,0,0,0,0,0,4.78773515160585
11,chr11,65889093,C,T,rs2231884,11:65889093:C:T,chr11:65889093:C:T,C,0,0,0,0,0,0,4.47240268304424
11,chr11,86004989,T,C,rs680119,11:86004989:T:C,chr11:86004989:T:C,C,0,0,0,0,0,0,4.50511605440823
12,chr12,113281983,T,C,rs6489896,12:113281983:T:C,chr12:113281983:T:C,C,0,0,0,0,0,0,4.04039906777885
14,chr14,105733895,G,A,rs28577986,14:105733895:G:A,chr14:105733895:G:A,A,0,0,0,0,0,0,4.47485271697347
14,chr14,106669877,G,A,rs11849532,14:106669877:G:A,chr14:106669877:G:A,G,0,0,0,0,0,0,3.57433228376785
14,chr14,23008384,G,A,rs8003201,14:23008384:G:A,chr14:23008384:G:A,A,0,0,0,0,0,0,2.79416390019793
14,chr14,35216313,G,T,rs10151121,14:35216313:G:T,chr14:35216313:G:T,T,0,0,0,0,0,0,5.34660815710556
14,chr14,39418472,G,A,rs74745468,14:39418472:G:A,chr14:39418472:G:A,A,0,0,0,0,0,0,3.25742118868582
14,chr14,52423107,C,T,rs117944015,14:52423107:C:T,chr14:52423107:C:T,T,0,0,0,0,0,0,2.81318170235251
14,chr14,92392817,G,A,rs61975652,14:92392817:G:A,chr14:92392817:G:A,A,0,0,0,0,0,0,4.49931756019234
14,chr14,92472511,G,A,rs12590654,14:92472511:G:A,chr14:92472511:G:A,G,0,0,0,0,0,0,8.08106766723305
14,chr14,92520633,A,G,rs147097969,14:92520633:A:G,chr14:92520633:A:G,G,0,0,0,0,0,0,4.57816321043849
15,chr15,50727615,C,T,rs17646025,15:50727615:C:T,chr15:50727615:C:T,C,0,0,0,0,0,0,3.50174596587042
15,chr15,58388444,G,T,rs35853021,15:58388444:G:T,chr15:58388444:G:T,G,0,0,0,0,0,0,4.73788496563411
15,chr15,58708758,C,T,rs347117,15:58708758:C:T,chr15:58708758:C:T,C,0,0,0,0,0,0,6.94770423516506
15,chr15,58883766,A,G,rs77145198,15:58883766:A:G,chr15:58883766:A:G,A,0,0,0,0,0,0,3.78624174904158
15,chr15,63277703,C,T,rs117618017,15:63277703:C:T,chr15:63277703:C:T,T,0,0,0,0,0,0,6.43690711346742
15,chr15,64131307,G,A,rs3848143,15:64131307:G:A,chr15:64131307:G:A,G,0,0,0,0,0,0,3.8693527051143
15,chr15,79073438,G,A,rs7166032,15:79073438:G:A,chr15:79073438:G:A,G,0,0,0,0,0,0,2.90504198406492
16,chr16,23524359,A,C,rs1468138,16:23524359:A:C,chr16:23524359:A:C,C,0,0,0,0,0,0,3.49919025424497
16,chr16,55725955,G,A,rs6499775,16:55725955:G:A,chr16:55725955:G:A,G,0,0,0,0,0,0,5.10848598319873
16,chr16,70661088,A,G,rs36155323,16:70661088:A:G,chr16:70661088:A:G,G,0,0,0,0,0,0,5.33411516922709
16,chr16,79574511,T,C,rs450674,16:79574511:T:C,chr16:79574511:T:C,T,0,0,0,0,0,0,4.01009395551498
16,chr16,81739604,A,G,rs12444183,16:81739604:A:G,chr16:81739604:A:G,G,0,0,0,0,0,0,3.26095954586879
16,chr16,81800725,C,T,rs149318836,16:81800725:C:T,chr16:81800725:C:T,T,0,0,0,0,0,0,2.83556407294269
16,chr16,81870119,T,G,rs7342692,16:81870119:T:G,chr16:81870119:T:G,T,0,0,0,0,0,0,4.84840484430089
16,chr16,81881916,T,C,rs147330136,16:81881916:T:C,chr16:81881916:T:C,T,0,0,0,0,0,0,3.26884442266888
16,chr16,81942226,T,G,rs4485362,16:81942226:T:G,chr16:81942226:T:G,T,0,0,0,0,0,0,4.5300240793429
16,chr16,85700458,G,A,rs143465942,16:85700458:G:A,chr16:85700458:G:A,A,0,0,0,0,0,0,3.16306153067349
17,chr17,1542137,C,T,rs12601795,17:1542137:C:T,chr17:1542137:C:T,T,0,0,0,0,0,0,3.4415721439859
17,chr17,1727698,G,A,rs9912287,17:1727698:G:A,chr17:1727698:G:A,A,0,0,0,0,0,0,4.42249727391706
17,chr17,17967660,G,T,rs60073596,17:17967660:G:T,chr17:17967660:G:T,G,0,0,0,0,0,0,5.01098909090779
17,chr17,18223579,G,T,rs12603466,17:18223579:G:T,chr17:18223579:G:T,G,0,0,0,0,0,0,2.42755641151253
17,chr17,49219935,T,C,rs616338,17:49219935:T:C,chr17:49219935:T:C,T,0,0,0,0,0,0,5.78828359736963
17,chr17,50939163,A,G,rs7226130,17:50939163:A:G,chr17:50939163:A:G,A,0,0,0,0,0,0,2.622337456098
17,chr17,5236512,G,A,rs57402520,17:5236512:G:A,chr17:5236512:G:A,A,0,0,0,0,0,0,3.58052928952251
17,chr17,63470992,C,T,rs185105129,17:63470992:C:T,chr17:63470992:C:T,T,0,0,0,0,0,0,3.24206208771245
17,chr17,63476980,C,T,rs4292,17:63476980:C:T,chr17:63476980:C:T,T,0,0,0,0,0,0,4.93097026240666
17,chr17,7581494,G,A,rs9901675,17:7581494:G:A,chr17:7581494:G:A,G,0,0,0,0,0,0,3.93128624007198
18,chr18,58522227,T,C,rs76726049,18:58522227:T:C,chr18:58522227:T:C,C,0,0,0,0,0,0,5.53502177051766
18,chr18,75268210,G,A,rs4891253,18:75268210:G:A,chr18:75268210:G:A,A,0,0,0,0,0,0,2.33570426225277
19,chr19,1001101,G,A,rs11669351,19:1001101:G:A,chr19:1001101:G:A,A,0,0,0,0,0,0,5.18001798386334
19,chr19,1021628,T,C,rs117481827,19:1021628:T:C,chr19:1021628:T:C,C,0,0,0,0,0,0,4.88968301955037
19,chr19,1037942,G,T,rs72618590,19:1037942:G:T,chr19:1037942:G:T,T,0,0,0,0,0,0,4.17469905672176
19,chr19,1043104,G,A,rs72973581,19:1043104:G:A,chr19:1043104:G:A,G,0,0,0,0,0,0,3.87149897775983
19,chr19,1050875,A,G,rs12151021,19:1050875:A:G,chr19:1050875:A:G,A,0,0,0,0,0,0,7.02942211317306
19,chr19,1111896,T,C,rs11881821,19:1111896:T:C,chr19:1111896:T:C,C,0,0,0,0,0,0,2.86125367512165
19,chr19,32881337,G,T,rs73041776,19:32881337:G:T,chr19:32881337:G:T,G,0,0,0,0,0,0,5.17905721999378
19,chr19,40583368,C,T,rs11672651,19:40583368:C:T,chr19:40583368:C:T,T,0,0,0,0,0,0,4.56837969226915
19,chr19,43349456,A,G,rs62113732,19:43349456:A:G,chr19:43349456:A:G,A,0,0,0,0,0,0,5.5323965728858
19,chr19,43567256,T,C,rs3213287,19:43567256:T:C,chr19:43567256:T:C,T,0,0,0,0,0,0,4.0143642412881
19,chr19,43778705,T,G,rs12463319,19:43778705:T:G,chr19:43778705:T:G,G,0,0,0,0,0,0,5.15056556623654
19,chr19,43957194,T,G,rs11878420,19:43957194:T:G,chr19:43957194:T:G,T,0,0,0,0,0,0,3.88616130725346
19,chr19,44516798,G,A,rs80257887,19:44516798:G:A,chr19:44516798:G:A,A,0,0,0,0,0,0,8.2257037649367
19,chr19,44535983,T,C,rs74747585,19:44535983:T:C,chr19:44535983:T:C,T,0,0,0,0,0,0,4.74558634293255
19,chr19,44575638,G,A,rs846879,19:44575638:G:A,chr19:44575638:G:A,A,0,0,0,0,0,0,9.73172273833213
19,chr19,44631846,C,T,rs12985368,19:44631846:C:T,chr19:44631846:C:T,C,0,0,0,0,0,0,8.06581319620902
19,chr19,44685199,T,C,rs2965155,19:44685199:T:C,chr19:44685199:T:C,T,0,0,0,0,0,0,9.23516475990298
19,chr19,44692096,C,A,rs76218096,19:44692096:C:A,chr19:44692096:C:A,A,0,0,0,0,0,0,4.39260354851182
19,chr19,44712536,T,C,rs79745266,19:44712536:T:C,chr19:44712536:T:C,T,0,0,0,0,0,0,7.27682263171082
19,chr19,44720227,G,A,rs111740474,19:44720227:G:A,chr19:44720227:G:A,A,0,0,0,0,0,0,11.0558592653611
19,chr19,44740439,G,T,rs75599500,19:44740439:G:T,chr19:44740439:G:T,G,0,0,0,0,0,0,5.130555057861
19,chr19,44740641,T,C,rs144099906,19:44740641:T:C,chr19:44740641:T:C,T,0,0,0,0,0,0,4.94693752462579
19,chr19,44767372,C,A,rs149929516,19:44767372:C:A,chr19:44767372:C:A,C,0,0,0,0,0,0,3.61845156206926
19,chr19,44781370,G,A,rs80168591,19:44781370:G:A,chr19:44781370:G:A,A,0,0,0,0,0,0,7.94643272675573
19,chr19,44794812,G,A,rs10419669,19:44794812:G:A,chr19:44794812:G:A,G,0,0,0,0,0,0,6.38861927320988
19,chr19,44802327,C,T,rs117142879,19:44802327:C:T,chr19:44802327:C:T,C,0,0,0,0,0,0,3.74769939408052
19,chr19,44864648,A,G,rs112283362,19:44864648:A:G,chr19:44864648:A:G,A,0,0,0,0,0,0,5.08946827830735
19,chr19,44867931,C,T,rs41290102,19:44867931:C:T,chr19:44867931:C:T,C,0,0,0,0,0,0,8.35531414696897
19,chr19,44871726,G,T,rs141739979,19:44871726:G:T,chr19:44871726:G:T,G,0,0,0,0,0,0,4.59383716597038
19,chr19,44882132,G,A,rs116967764,19:44882132:G:A,chr19:44882132:G:A,G,0,0,0,0,0,0,4.5668326654281
19,chr19,44892559,G,A,rs73936968,19:44892559:G:A,chr19:44892559:G:A,G,0,0,0,0,0,0,4.78945219553119
19,chr19,44911135,G,T,rs72654472,19:44911135:G:T,chr19:44911135:G:T,G,0,0,0,0,0,0,6.92821465218471
19,chr19,44913943,G,A,rs72654445,19:44913943:G:A,chr19:44913943:G:A,G,0,0,0,0,0,0,4.71603868047555
19,chr19,44928417,G,A,rs118060185,19:44928417:G:A,chr19:44928417:G:A,G,0,0,0,0,0,0,4.67226531661866
19,chr19,44945208,T,G,rs5167,19:44945208:T:G,chr19:44945208:T:G,G,0,0,0,0,0,0,13.94834360631
19,chr19,44952846,T,G,rs190651665,19:44952846:T:G,chr19:44952846:T:G,T,0,0,0,0,0,0,7.38629426287144
19,chr19,44955209,A,G,rs143674704,19:44955209:A:G,chr19:44955209:A:G,G,0,0,0,0,0,0,5.86134252813974
19,chr19,45019031,G,A,rs74359223,19:45019031:G:A,chr19:45019031:G:A,A,0,0,0,0,0,0,13.9353803356649
19,chr19,45032052,G,A,rs35057129,19:45032052:G:A,chr19:45032052:G:A,G,0,0,0,0,0,0,7.58471317445991
19,chr19,45040497,A,G,rs76856627,19:45040497:A:G,chr19:45040497:A:G,G,0,0,0,0,0,0,8.85999238471923
19,chr19,45041093,T,C,rs1968449,19:45041093:T:C,chr19:45041093:T:C,T,0,0,0,0,0,0,6.8816701998792
19,chr19,45045877,G,A,rs112481437,19:45045877:G:A,chr19:45045877:G:A,A,0,0,0,0,0,0,12.1087391870592
19,chr19,45054485,G,A,rs7259034,19:45054485:G:A,chr19:45054485:G:A,G,0,0,0,0,0,0,6.13395808530195
19,chr19,45115701,G,A,rs2004357,19:45115701:G:A,chr19:45115701:G:A,A,0,0,0,0,0,0,13.8036862331708
19,chr19,45169864,G,A,rs76971643,19:45169864:G:A,chr19:45169864:G:A,G,0,0,0,0,0,0,6.08169955783722
19,chr19,45195332,G,A,rs148023052,19:45195332:G:A,chr19:45195332:G:A,G,0,0,0,0,0,0,5.04144636660996
19,chr19,45204274,C,T,rs8105818,19:45204274:C:T,chr19:45204274:C:T,T,0,0,0,0,0,0,7.2530859516288
19,chr19,45209532,C,A,rs183336979,19:45209532:C:A,chr19:45209532:C:A,C,0,0,0,0,0,0,6.27823653334505
19,chr19,45214357,A,G,rs10420888,19:45214357:A:G,chr19:45214357:A:G,G,0,0,0,0,0,0,4.81209004413511
19,chr19,45222481,A,G,rs346758,19:45222481:A:G,chr19:45222481:A:G,G,0,0,0,0,0,0,11.8551216779336
19,chr19,45231493,A,G,rs62118504,19:45231493:A:G,chr19:45231493:A:G,A,0,0,0,0,0,0,10.6082984569948
19,chr19,45282590,A,G,rs8103360,19:45282590:A:G,chr19:45282590:A:G,A,0,0,0,0,0,0,4.54549386193323
19,chr19,45319916,G,A,rs344819,19:45319916:G:A,chr19:45319916:G:A,G,0,0,0,0,0,0,8.79251019543917
19,chr19,45331717,C,T,rs74606069,19:45331717:C:T,chr19:45331717:C:T,T,0,0,0,0,0,0,5.24670692847718
19,chr19,45410823,G,T,rs28867410,19:45410823:G:T,chr19:45410823:G:T,T,0,0,0,0,0,0,6.64568393610968
19,chr19,45424352,A,G,rs3212930,19:45424352:A:G,chr19:45424352:A:G,A,0,0,0,0,0,0,7.60282124154281
19,chr19,45475651,G,A,rs113934205,19:45475651:G:A,chr19:45475651:G:A,G,0,0,0,0,0,0,4.77555497086961
19,chr19,45549640,C,T,rs62109650,19:45549640:C:T,chr19:45549640:C:T,T,0,0,0,0,0,0,4.89434278450546
19,chr19,45661824,G,A,rs112972879,19:45661824:G:A,chr19:45661824:G:A,A,0,0,0,0,0,0,6.39999772950313
19,chr19,45745299,C,T,rs75987583,19:45745299:C:T,chr19:45745299:C:T,T,0,0,0,0,0,0,5.27171197751348
19,chr19,45896658,G,T,rs187884946,19:45896658:G:T,chr19:45896658:G:T,G,0,0,0,0,0,0,5.19859511938267
19,chr19,45973817,G,A,rs180867632,19:45973817:G:A,chr19:45973817:G:A,A,0,0,0,0,0,0,4.79111538822276
19,chr19,46569138,A,G,rs4435363,19:46569138:A:G,chr19:46569138:A:G,A,0,0,0,0,0,0,4.65353279810232
19,chr19,51122980,A,G,rs1039405,19:51122980:A:G,chr19:51122980:A:G,A,0,0,0,0,0,0,4.91736125463509
19,chr19,51223662,T,C,rs139126986,19:51223662:T:C,chr19:51223662:T:C,C,0,0,0,0,0,0,4.59641947168948
19,chr19,54265512,G,A,rs12984029,19:54265512:G:A,chr19:54265512:G:A,A,0,0,0,0,0,0,2.98434896386693
19,chr19,54621350,T,G,rs1591293,19:54621350:T:G,chr19:54621350:T:G,G,0,0,0,0,0,0,2.04330409688582
19,chr19,54664811,A,G,rs731170,19:54664811:A:G,chr19:54664811:A:G,A,0,0,0,0,0,0,4.80971625278607
20,chr20,37611619,G,A,rs6125601,20:37611619:G:A,chr20:37611619:G:A,A,0,0,0,0,0,0,3.23467719759085
20,chr20,413334,A,G,rs1358782,20:413334:A:G,chr20:413334:A:G,G,0,0,0,0,0,0,3.61219728920693
20,chr20,56423488,A,G,rs6014724,20:56423488:A:G,chr20:56423488:A:G,A,0,0,0,0,0,0,7.9938592009734
20,chr20,63743088,T,C,rs6742,20:63743088:T:C,chr20:63743088:T:C,C,0,0,0,0,0,0,2.78034141212322
21,chr21,26101558,C,T,rs2154481,21:26101558:C:T,chr21:26101558:C:T,T,0,0,0,0,0,0,5.344072216287
21,chr21,26775872,C,T,rs2830489,21:26775872:C:T,chr21:26775872:C:T,C,0,0,0,0,0,0,3.2173015990842
