CHROM_n,ea,CHROM,POS_hg19,POS_hg38,RSID,ID_NHS_HPFS,A1,A2,weights_Beta.cell1,weights_Beta.cell2,weights_Proinsulin,weights_Lipoprotein.A,weights_Obesity,weights_Lipodystrophy,weights_Liver.lipid,weights_ALP.negative,weights_Hyper.insulin.secretion,weights_SHBG
1,A,chr1,40028180,39562508,rs4660293,chr1:39562508:A:G,G,A,0,0.366693305,0,0,0.983399872,0.647287305,0.228892403,0.054546503,0.892430879,0.627009624
1,C,chr1,51362441,50896769,rs12076849,chr1:50896769:C:T,T,C,-0.670402793,-0.173297769,-0.144388805,-0.283180807,-0.065131048,-0.779539069,-0.007712078,-0.140623333,-0.1685211,-0.295025278
1,G,chr1,117529458,116986836,rs10801922,chr1:116986836:G:A,A,G,-0.896498464,-0.481919272,-0.113834664,-0.00909053,0,-0.196670219,-0.022380695,0,-0.055788898,0
1,G,chr1,120517959,119975336,rs10923931,chr1:119975336:G:T,T,G,0.758134042,0.727902742,0,0.022563159,0.291666233,0.104599462,0.082972061,0.098102964,0.020304384,0.133127141
1,G,chr1,177820861,177851726,rs1359939,chr1:177851726:G:A,A,G,0,0,0,-0.051752136,-0.585444623,-0.090354699,0,0,-0.565248239,0
1,T,chr1,177894287,177925152,rs506589,chr1:177925152:T:C,C,T,0,0,0.030288258,0,1.836259382,0,0,0,0.688227164,0
1,G,chr1,205045087,205075959,rs1572993,chr1:205075959:G:A,A,G,0,0.45713659,0,0.015958508,0.473811404,0.852552222,0,0,1.90200383,0.056409623
1,G,chr1,206603535,206430185,rs2297539,chr1:206430185:G:A,A,G,0,0,0.680648036,0.060091599,0.033809471,0.156013473,0.130741373,0.170167494,0.426735172,0.140878898
1,G,chr1,214154985,213981642,rs13376660,chr1:213981642:G:A,A,G,-0.861974865,-0.113769386,-0.161406523,-0.154016494,-0.145475996,-0.251464446,-0.125599555,-0.122775914,-0.188677595,-0.018589646
1,T,chr1,214159256,213985913,rs340874,chr1:213985913:T:C,C,T,0.594077463,1.020121642,0.685933719,0,0.010562814,0.097441517,0.006784951,0.161754913,0.193041098,0.552569941
1,G,chr1,219749261,219575919,rs2494192,chr1:219575919:G:A,A,G,-0.321843379,-0.182713454,0,-0.016925531,-0.215978219,-1.566701183,0,0,0,-0.046553648
1,G,chr1,219750717,219577375,rs4846567,chr1:219577375:G:T,T,G,0,-0.080483176,0,-0.238522029,-0.00496151,-2.384122019,0,-0.138155536,-0.272463134,0
1,A,chr1,229565732,229429985,rs499689,chr1:229429985:A:G,G,A,-0.723893456,-0.167942342,-0.272095369,0,-0.107410103,-0.237465853,-0.002744096,-0.067318961,-0.016642099,0
1,G,chr1,235693041,235529741,rs291370,chr1:235529741:G:A,A,G,0.152363577,0.146816177,0,0.027943542,0.574255854,0.105972957,0.389826052,0,0,0
2,A,chr2,629244,629244,rs12463617,chr2:629244:A:C,C,A,0.092338189,0.104076,0,0.033852517,2.288778412,0,0,0,0.080263163,0.047184034
2,G,chr2,25513652,25290783,rs6739187,chr2:25290783:G:A,A,G,-0.353281689,-0.140325237,0,-0.001338091,-0.351263299,-1.071189121,-0.223183083,-0.126325051,0,0
2,G,chr2,25643221,25420352,rs17802463,chr2:25420352:G:T,T,G,0,-0.054809737,0,0,-0.275500912,-0.267455882,0,-0.038754307,-1.572605797,-0.049289344
2,T,chr2,27742603,27519736,rs780093,chr2:27519736:T:C,C,T,0.234900786,0.726174234,0,0.147212493,0.381145278,0,6.819628449,1.517862106,0,0
2,G,chr2,43422557,43195418,rs4952672,chr2:43195418:G:A,A,G,0.55364364,0.422047859,0.689109754,0,0,0.372196782,0.020724045,0.353813085,0,0.027300258
2,G,chr2,43629931,43402792,rs7607777,chr2:43402792:G:T,T,G,-0.027441379,-1.304583767,-0.273997364,-0.104179941,0,-0.263913768,0,-0.218242094,-1.379067011,-0.039709091
2,A,chr2,58978436,58751301,rs7596101,chr2:58751301:A:G,G,A,0.354552493,0,0.046016251,0,1.006110785,0.248105251,0,0,0.15513331,0.146907969
2,T,chr2,59335104,59107969,rs7575523,chr2:59107969:T:G,G,T,-0.781179714,-0.052397604,0,-0.043955236,-1.482007814,-0.387920266,0,0,0,0
2,T,chr2,60585806,60358671,rs243019,chr2:60358671:T:C,C,T,0,0.791725074,0,0.142128032,0.148312208,0,0.137877119,0,1.412795731,0
2,A,chr2,65287896,65060762,rs2249105,chr2:65060762:A:G,G,A,-0.119097843,-0.658025564,0,0,-0.499764481,-1.369640958,0,-0.11176883,-0.263030491,-0.04388731
2,C,chr2,65657041,65429907,rs7569113,chr2:65429907:C:T,T,C,-0.211455388,-0.381394069,-0.051711638,-0.023539108,-0.031226211,-0.633401153,-0.181142232,-0.182867196,-0.414939942,-0.371168128
2,A,chr2,121317747,120560171,rs11677557,chr2:120560171:A:G,G,A,-1.11744778,-0.250212688,0,-0.000592645,-0.193209632,-0.852258242,0,-0.23368052,0,-0.173946895
2,T,chr2,147874140,147116572,rs2084674,chr2:147116572:T:C,C,T,0,0.508102506,0,0.027644371,0.590035102,0.331001489,0,0,0.371514703,0.04861891
2,C,chr2,158321735,157465223,rs6714881,chr2:157465223:C:T,T,C,-0.837886692,0,-0.310788304,-0.066454852,-0.163222707,-0.264972187,-0.035535811,-0.156310444,0,0
2,A,chr2,161114552,160258041,rs7583157,chr2:160258041:A:G,G,A,0.093587107,0.088746498,0,0.223928867,0.922068204,0.54474597,0,0,0.257537399,0.040071555
2,C,chr2,165528876,164672366,rs13389219,chr2:164672366:C:T,T,C,-0.108405363,-0.451415514,0,0,-3.01e-05,-3.28789853,0,-0.190154245,0,-0.277901929
2,C,chr2,165580775,164724265,rs13410987,chr2:164724265:C:T,T,C,0,-0.075565163,-8.29e-05,0,0,-1.976938079,-1.61e-07,-0.185532046,-0.245898213,-0.159384824
2,C,chr2,226840888,225976172,rs7607124,chr2:225976172:C:A,A,C,0,0.138887324,0.135525866,0,0.241351898,0.867931456,0,0,0.54828906,0.11086927
2,A,chr2,227101411,226236695,rs2972144,chr2:226236695:A:G,G,A,0,0.410400202,0,0,0,3.161525881,0,0.028534266,0.111955288,0.31917616
2,C,chr2,227144141,226279425,rs1515103,chr2:226279425:C:T,T,C,0.499079018,0,0.196356641,0,0,0.729108827,0,0.036403804,0,0.179507868
3,G,chr3,12112010,12070510,rs598747,chr3:12070510:G:A,A,G,0,0,-0.063602747,0,-0.383501571,-1.320800904,-0.030453371,-0.025665817,-0.298695656,-0.111128221
3,G,chr3,12365308,12323809,rs13083375,chr3:12323809:G:T,T,G,-0.294154159,-0.641047411,-0.050535969,0,0,-1.93355177,-0.168485451,-0.038189969,0,-0.527010954
3,A,chr3,12443844,12402345,rs4135275,chr3:12402345:A:G,G,A,0.149215889,0.087308683,0,0.052105466,0.235464715,1.246518177,0.077975083,0.089829655,0,0.459133994
3,G,chr3,23221931,23180440,rs11710420,chr3:23180440:G:A,A,G,0.119711616,0.004329043,0.03016475,0.102869631,0.111938372,0.334536619,0.155927938,0.090184592,0.305291259,0
3,A,chr3,23454790,23413299,rs1496653,chr3:23413299:A:G,G,A,-1.537932816,-0.104545653,-0.187397596,-0.167653865,0,-0.162707918,-0.052564096,-0.007965098,-0.062057276,-0.152557488
3,G,chr3,23578594,23537103,rs17013433,chr3:23537103:G:A,A,G,0.040403049,0.044432028,0.508463814,0.012872786,0.14515834,0,0.262718881,0.060250264,0.279161299,0.008495547
3,C,chr3,46995242,46953752,rs10461018,chr3:46953752:C:T,T,C,0,0,-0.030977054,-0.083445399,-0.392881406,-0.940605664,-0.056162317,-0.028920099,-1.243605955,-0.316951973
3,T,chr3,49860854,49823421,rs6446298,chr3:49823421:T:C,C,T,0,0.223051181,0,0.065039417,1.385035474,0.184675264,0.163501537,0.051026695,0.889563503,0.362133796
3,T,chr3,53125922,53091906,rs11242,chr3:53091906:T:C,C,T,0.518150188,0.067199197,0.05210307,0.273346268,0.470259872,0.832143068,0,0.149964753,0.157631223,0.280252925
3,A,chr3,54823598,54789571,rs1317838,chr3:54789571:A:G,G,A,0.327150875,0.274143566,0,0.026186433,0.064053199,0.200162861,0.118411072,0.075862679,0.066305432,0.050043597
3,T,chr3,63948566,63962890,rs13434089,chr3:63962890:T:C,C,T,-0.521496311,-0.182548006,-0.175433739,0,-0.206458469,-0.182469208,-0.215137063,-0.051164708,-0.076680895,-0.099206961
3,A,chr3,64700425,64714749,rs6772129,chr3:64714749:A:G,G,A,-0.304537913,-0.25509154,-1.08e-09,-0.080785577,-0.07219093,-1.245875281,0,0,-0.331942395,0
3,C,chr3,77671721,77622570,rs2272163,chr3:77622570:C:A,A,C,0,-0.157968264,0,0,-0.687871149,-0.206670452,0,-0.005358877,-0.738180941,0
3,T,chr3,123094451,123375604,rs2877716,chr3:123375604:T:C,C,T,0.731850696,2.244012156,0.131192374,0,0,0.430704765,0.242978997,0.387448041,0,0.2997131
3,T,chr3,124919777,125200933,rs4679370,chr3:125200933:T:C,C,T,0.722386377,0.894694884,0.172237372,0,0.155937566,0.001391415,0.331977443,0,0.008843981,0.024545276
3,C,chr3,129317585,129598742,rs9847824,chr3:129598742:C:T,T,C,-0.371229167,-0.036120941,0,-0.074973295,-0.272050464,-0.837987245,-0.113326793,-0.004929756,0,0
3,T,chr3,138095525,138376683,rs2347252,chr3:138376683:T:C,C,T,0.050253753,0.232673473,0.021008246,0.074760116,0.094134857,1.02864291,0,0.068017123,0.030920119,0.060091523
3,C,chr3,150083011,150365224,rs2868425,chr3:150365224:C:T,T,C,0,0,0.491415608,0,0.165383081,0.612076103,0.064491464,0.024467214,0.516964487,0
3,A,chr3,152103745,152385956,rs13094115,chr3:152385956:A:G,G,A,0,-0.051581277,-0.493635131,-0.049459949,-0.240444598,-0.180512298,-0.280370529,0,-0.549261571,-0.06606512
3,G,chr3,152497886,152780097,rs6765166,chr3:152780097:G:A,A,G,-0.651302692,-0.592475821,-0.022434219,-0.009356916,-0.114743597,-0.222984275,-0.182126558,-0.20077091,0,-0.031506909
3,C,chr3,168225055,168507267,rs1449348,chr3:168507267:C:T,T,C,-0.316252068,0,-1.157321676,0,-0.275263546,0,0,0,0,0
3,A,chr3,170610316,170892527,rs6792607,chr3:170892527:A:C,C,A,0,-1.309328909,-0.197475672,0,0,0,-0.591441879,-0.036118399,-0.566859395,-0.062218782
3,T,chr3,183725999,184008211,rs4148563,chr3:184008211:T:C,C,T,0,-0.494279212,0,0,-0.587864503,-0.350175908,-0.168456713,-0.074599357,-0.584569425,0
3,T,chr3,185445842,185728054,rs2290066,chr3:185728054:T:C,C,T,0.386073244,0.023082241,0.472800283,0.006345441,0.164050875,0.434154626,0,0,0.013464305,0.181369268
3,C,chr3,185505787,185787999,rs4481184,chr3:185787999:C:T,T,C,0.453930663,0.488367967,1.183573878,0,0,0.594874356,0.069278691,0,0.118302743,0.189237369
3,C,chr3,186665645,186947857,rs3887925,chr3:186947857:C:T,T,C,2.076042568,0,0.027432986,0,0,0.191024897,0.146997509,0.006398844,0,0
3,G,chr3,187751389,188033601,rs6767001,chr3:188033601:G:A,A,G,0.214918101,0.402400789,0.374991856,0.165210765,0.291386593,0.115239484,0.091233261,0.026156965,0.271532211,0
4,G,chr4,744972,751184,rs1531583,chr4:751184:G:T,T,G,1.40736168,0,0.01830507,0.066346322,0,0.018638933,0.351984076,0.379943528,1.79019e-07,0
4,G,chr4,6256629,6254902,rs4361456,chr4:6254902:G:A,A,G,0.47309357,0,0.73694633,0,0.228521804,0.06670798,0.173355667,0.008750264,0,0.144660207
4,C,chr4,6295565,6293838,rs6446480,chr4:6293838:C:T,T,C,0.12376692,0.301603998,0.849800895,0,0.306242626,0.09594695,0.079657775,0,0.499259863,0.125864042
4,A,chr4,17811914,17810291,rs7667864,chr4:17810291:A:C,C,A,0.396705611,0.278016411,0.042956463,0.348791181,0.623229524,0.951726418,0.035436331,0.145514219,0.17146702,0.187278404
4,C,chr4,45175691,45173674,rs13130484,chr4:45173674:C:T,T,C,0.070859293,0,0,0.149536556,1.983140837,0.186890585,0,0,0.012003558,0
4,T,chr4,52810307,51944141,rs6829655,chr4:51944141:T:C,C,T,0.01010829,0.128983187,0.235095953,0.078477796,0.458505198,0.050659835,0,0,1.510057402,0.147058944
4,A,chr4,83584496,82663343,rs993380,chr4:82663343:A:G,G,A,-0.103968851,-0.641218812,-0.009884896,0,-0.091411337,-0.525108294,-0.195601464,-0.233787803,0,-0.056127136
4,G,chr4,89740128,88818977,rs13133548,chr4:88818977:G:A,A,G,0,0.119517109,0,0,0,1.679982262,0.027273461,0.007248644,0,0
4,C,chr4,89751858,88830707,rs7660000,chr4:88830707:C:T,T,C,-0.600983684,0,-0.026157283,-0.132270134,-0.057309475,-1.090549799,-0.066115625,0,0,0
4,G,chr4,95093855,94172704,rs7678054,chr4:94172704:G:A,A,G,-0.045716692,0,-0.231697072,-0.032528103,-0.560076547,-0.161628213,-0.055541134,-0.054626449,-0.023978593,-0.062585484
4,T,chr4,104129786,103208629,rs6854709,chr4:103208629:T:C,C,T,0,-0.087392925,-0.036255889,-0.096644026,-0.326805003,-0.293459378,0,0,-1.064780792,-0.190218232
4,A,chr4,137083193,136162038,rs1296328,chr4:136162038:A:C,C,A,-0.593981496,-0.122684479,0,0,-0.726399468,-0.277661996,0,-0.07293281,0,-0.049650309
4,G,chr4,153520279,152599127,rs10011838,chr4:152599127:G:A,A,G,-0.075740185,-0.109420861,-0.127538664,-0.156132684,-0.019041303,-0.215670545,-0.202876383,-0.293326192,-0.363503721,0
4,C,chr4,157680199,156759047,rs12641088,chr4:156759047:C:T,T,C,0,-0.141556524,0,-0.069126054,-0.350026288,-1.468554811,0,-0.081211744,-0.561120295,-0.13417392
4,T,chr4,185716232,184795078,rs735949,chr4:184795078:T:C,C,T,-0.740849157,-1.431290847,0,-0.112876625,-0.03531925,-0.02336804,-0.139758901,-0.064795604,-0.000985234,-0.064964526
5,G,chr5,14847628,14847519,rs2270561,chr5:14847519:G:A,A,G,-0.195495572,-0.305470334,-0.4435689,-0.049660778,-0.095252273,-0.173525081,-0.030720702,0,-0.049224297,-0.173607365
5,A,chr5,44683819,44683717,rs12187196,chr5:44683717:A:C,C,A,0.650517974,0.217375669,0.039098423,0.051783826,0,0.220120123,0.191031603,0.039663578,0,0
5,C,chr5,52118488,52822654,rs17211038,chr5:52822654:C:T,T,C,0,0.168610119,0.080729132,0,0.268581527,0.089126149,0.433595312,0.136427413,0.225656314,0
5,T,chr5,53303595,54007765,rs6876198,chr5:54007765:T:C,C,T,0.062089153,0.00178513,0.058024178,0.043484833,0.091411097,1.459321607,0.147640892,0.061924268,0.106246458,0.319055711
5,A,chr5,53452060,54156230,rs151804,chr5:54156230:A:G,G,A,0,0,-0.718176915,-0.049639798,-0.117455928,-0.747344216,-0.181991373,0,-0.276578117,-0.159952255
5,A,chr5,55806751,56510924,rs459193,chr5:56510924:A:G,G,A,0,0.39596934,0.0960367,0,0,1.732502716,0.27346717,0.011906366,0.622657311,0.629794062
5,C,chr5,55861786,56565959,rs9686661,chr5:56565959:C:T,T,C,0.397362999,0.269530423,0,0,0.097162457,2.027350631,0.010561492,0.456363227,0,0.305032876
5,G,chr5,67726055,68430228,rs1469398,chr5:68430228:G:A,A,G,0,0,0.364299095,0.149751642,0,0.911697546,0,0.023689708,0.712733201,0
5,T,chr5,75003678,75707853,rs2307111,chr5:75707853:T:C,C,T,-0.010273744,0,-0.043678658,0,-1.411471994,-0.346962206,-0.255431722,-0.052731173,-0.400784635,-0.196209933
5,G,chr5,76424949,77129124,rs4457053,chr5:77129124:G:A,A,G,-0.404140448,-0.907718505,-0.202917861,0,0,-0.604068383,0,-0.080192374,-0.21775666,0
5,A,chr5,78431486,79135663,rs955897,chr5:79135663:A:C,C,A,-0.091702668,0,-0.531958397,0,-0.879141233,-0.293814646,-0.414755445,0,-0.212998538,-0.214300965
5,C,chr5,101595558,102259854,rs370176,chr5:102259854:C:T,T,C,-0.85193093,0,-0.62262466,-0.140221769,-0.163484698,-0.268041552,-0.020760273,-0.024063109,0,0
5,C,chr5,102100576,102764872,rs7729395,chr5:102764872:C:T,T,C,1.177556244,0,0.745642647,0.034046074,0.275517915,0.184524795,0.033650295,0,0,0.336314178
5,C,chr5,102305065,102969361,rs17154889,chr5:102969361:C:A,A,C,0.546645965,0,0.466532764,0.139843307,0.53744673,0.245963055,0.228885652,0.014320904,0,0.101898122
5,A,chr5,133865452,134529762,rs329124,chr5:134529762:A:G,G,A,0,0.015156081,0.403711825,0.190298677,0,0.266052848,0.296694452,0.209996897,1.205439815,0.448796058
5,A,chr5,157934530,158507522,rs2963449,chr5:158507522:A:G,G,A,1.064207325,0,0.13827409,0.029006143,0.034739949,0.831343653,0.129499013,0,0,0.221744033
6,G,chr6,7037738,7037505,rs10458103,chr6:7037505:G:A,A,G,0,-0.170191906,-0.096208568,-0.068146353,0,-0.416172454,-0.147378437,-0.192571449,-0.937211546,-0.154935381
6,G,chr6,7231843,7231610,rs9379084,chr6:7231610:G:A,A,G,-0.846462172,-0.836800044,0,-0.000229199,-0.000501398,-0.051043352,-0.795423954,-0.173294384,0,0
6,T,chr6,7232186,7231953,rs9505086,chr6:7231953:T:C,C,T,0.669760324,0.6574989,0.122800943,0.003033646,0,0.051254643,0.478984103,0.27261927,0.088950205,0
6,G,chr6,20488234,20488003,rs2328524,chr6:20488003:G:A,A,G,0.308072001,0.047572608,0.015193311,0.021816691,0.020987962,0.142555572,0.389518957,0,0.28142691,0
6,C,chr6,20686996,20686765,rs9368222,chr6:20686765:C:A,A,C,3.139105053,0.854391479,0.035189376,0.044360792,0,0.210223852,0,0,0,0.21887979
6,C,chr6,20728513,20728282,rs6928012,chr6:20728282:C:T,T,C,-0.016408929,-0.810399606,-0.169702907,-0.060010778,0,-0.214364823,-0.195711287,0,-0.164566243,-0.095761829
6,A,chr6,20775660,20775429,rs4493738,chr6:20775429:A:G,G,A,1.85326181,0.246792798,0.054053687,0.107400927,0,0.187447765,0,1.17949e-05,0.032040699,0
6,G,chr6,21027761,21027530,rs12209877,chr6:21027530:G:T,T,G,-2.024107322,-0.029235453,0,-0.001968738,-0.421248508,0,0,-0.091609623,0,-0.009884275
6,G,chr6,31108607,31140830,rs1265089,chr6:31140830:G:A,A,G,0.100319198,0,0.657461836,0.238134781,0.067117826,0.567522222,0.100410265,0.094653324,0.43945419,0
6,C,chr6,31467365,31499588,rs2855804,chr6:31499588:C:T,T,C,0,0.352812748,0.038192597,0.000412851,0,0.18199105,0.789468107,0.710568453,1.566683479,0.001490823
6,T,chr6,31542308,31574531,rs1799964,chr6:31574531:T:C,C,T,0.00237883,0,0.091781683,0.326684722,0.454267677,0.68485261,0,0.043515944,1.220890538,0.124215231
6,T,chr6,31845985,31878208,rs9267658,chr6:31878208:T:C,C,T,0.008786804,0.167289378,0.092556793,0.479251981,0.383732942,0.814557052,0.01028606,0.299137593,0.863346915,0.616833984
6,T,chr6,32189841,32222064,rs715299,chr6:32222064:T:G,G,T,0,0.126683947,0.136473578,0,0.029246902,0,1.276486483,0.747702659,1.047694182,0.367318386
6,C,chr6,32626272,32658495,rs9273363,chr6:32658495:C:A,A,C,0.022725992,0.405821865,0.214874529,0.036392095,0,0,1.205377241,0.581741221,0.32493875,0.123381152
6,C,chr6,43757896,43790159,rs998584,chr6:43790159:C:A,A,C,1.73780126,0,0,0,0,2.789709569,0,0,0,0
6,G,chr6,43814625,43846888,rs10456526,chr6:43846888:G:A,A,G,0.866316662,0.43271968,0.439252408,0,0,0,0.641323154,0.463184952,0.059388098,0.024895912
6,A,chr6,50803050,50835337,rs987237,chr6:50835337:A:G,G,A,0,0,0.49756839,0,1.674304655,0,0,0,0.48948834,0.170989925
6,A,chr6,126964510,126643364,rs4273712,chr6:126643364:A:G,G,A,0.755890206,0.428839111,0.036967852,0.159043931,0,0.386911761,0.609032893,0.304510243,0,0.460894172
6,A,chr6,127414838,127093693,rs719727,chr6:127093693:A:G,G,A,-0.743156366,-0.299406407,-0.155018421,-0.104426078,0,0,-0.581101471,-0.390646193,-0.036362913,-0.117194064
6,A,chr6,137300960,136979823,rs9494624,chr6:136979823:A:G,G,A,-0.041528561,-0.036753188,-0.37242649,-0.114340035,0,-0.252680197,0,0,-0.35327864,-0.184633677
6,T,chr6,139834012,139512875,rs632057,chr6:139512875:T:G,G,T,0,0,-0.263056193,0,-0.18126736,-1.769304438,-0.763135503,-0.281957149,-0.44149068,0
6,C,chr6,160774486,160353454,rs487152,chr6:160353454:C:A,A,C,0,-0.39437628,0,-7.534737344,0,-0.362121209,0,0,0,-0.532537704
6,A,chr6,164107529,163686497,rs17630640,chr6:163686497:A:G,G,A,-0.288213999,-0.152365647,-0.010952192,-0.125483195,-0.044478016,-1.510431935,0,-0.008848242,0,-0.092345493
7,T,chr7,7250753,7211122,rs11765592,chr7:7211122:T:C,C,T,0.122157739,0.275780962,0.021037165,0,0.299800802,0.343361505,0.076033053,0.057089737,0.203728875,0.092022707
7,T,chr7,14922007,14882382,rs10276674,chr7:14882382:T:C,C,T,0.460616357,0.74995617,1.0501271,0.000444427,0.03611055,0,0.222189203,0,0.22026371,0.140868505
7,T,chr7,15063833,15024208,rs10244051,chr7:15024208:T:G,G,T,0.479271946,1.843517873,0.339218535,0,0,0,0.128517823,0.061196958,0.196742237,0
7,T,chr7,27978715,27939096,rs6948511,chr7:27939096:T:C,C,T,-0.329652908,-0.689228355,0,-0.050012438,-0.140500448,-0.258376415,0,-0.034042345,0,-0.090418448
7,C,chr7,28192280,28152661,rs849133,chr7:28152661:C:T,T,C,-0.468512082,-0.450570173,-0.041763944,0,-0.235575569,-0.691085026,-0.189964249,-0.292834939,0,-0.487191261
7,T,chr7,30716643,30677027,rs2267716,chr7:30677027:T:C,C,T,-1.551359097,0,-0.432611637,0,-0.270475937,-0.180657129,0,-0.036107024,-0.006471171,-0.127983768
7,C,chr7,44231778,44192179,rs2971669,chr7:44192179:C:T,T,C,1.156383565,2.156108193,1.067767901,0,0.051146458,0.309339396,0.142687877,0,0.15824275,0.284081979
7,T,chr7,102486254,102845807,rs11496066,chr7:102845807:T:C,C,T,-0.904943049,0,-0.773002093,-0.047388253,-0.435382183,0,-0.411965311,-0.120594447,-0.065273012,-0.151425586
7,C,chr7,103444978,103804531,rs39328,chr7:103804531:C:T,T,C,0,0,0.247618155,0,0.552849481,0,0.109120918,0.156724301,0.660848999,0
7,C,chr7,117495667,117855613,rs6976111,chr7:117855613:C:A,A,C,0.062608157,0,0.02956702,0,0.550628816,0.199542148,0.02954962,0,0.346630528,0
7,T,chr7,130435181,130750422,rs287621,chr7:130750422:T:C,C,T,0,-0.399235169,0,0,0,-1.676444953,0,-0.141917083,0,-0.201519907
7,G,chr7,150542515,150845427,rs6977081,chr7:150845427:G:T,T,G,0,0.034939943,0.023312715,0,0.074724741,0.839330058,0.179330216,0,0.765114015,0.065740541
7,G,chr7,156974127,157181433,rs2301916,chr7:157181433:G:T,T,G,-0.974573482,-0.338937489,-0.005260317,-0.060836037,-0.444016523,-0.053171811,0,-0.008930291,0,0
8,C,chr8,9050725,9193215,rs3102078,chr8:9193215:C:A,A,C,-0.002868221,-0.293556104,0,-0.046075033,-0.655276227,-0.015142023,-0.240397646,-0.066327358,-0.924342757,-0.026925199
8,A,chr8,9183358,9325848,rs9987289,chr8:9325848:A:G,G,A,0,-0.285933326,0,0,-0.673046616,-0.675138694,-1.967852124,0,-2.81242689,-0.446070906
8,T,chr8,9265105,9407595,rs17662402,chr8:9407595:T:C,C,T,0,-0.427021658,0,-0.040764562,-0.193522547,-0.32451662,-0.370592531,-0.016897925,-0.602694832,-0.011747235
8,G,chr8,9974824,10117314,rs17689007,chr8:10117314:G:A,A,G,-0.16028318,-0.227903353,-0.045691647,-0.10421177,-0.954706844,-0.104717412,-0.385941012,-0.149313343,-0.598121723,-7.19e-10
8,C,chr8,19830921,19973410,rs10096633,chr8:19973410:C:T,T,C,0,0,0,0,-0.181788101,-2.673212752,0,0,0,0
8,A,chr8,30856943,30999427,rs4733067,chr8:30999427:A:G,G,A,0,0,-0.1640598,-0.030389196,-0.98945577,-0.322921422,-0.008836964,0,-0.408658815,-0.035112365
8,A,chr8,41462898,41605379,rs2354575,chr8:41605379:A:G,G,A,-0.811346826,-0.018219464,-0.075654319,0,-0.123880809,-0.047571197,-0.256814534,-0.085187859,0,0
8,G,chr8,41472375,41614856,rs11995712,chr8:41614856:G:A,A,G,0.219470493,0.174439477,1.02555439,0,0.037139832,0.03477278,0.188821192,0,0.026521059,0.01056102
8,G,chr8,41514888,41657369,rs12544241,chr8:41657369:G:A,A,G,2.33156725,0.129744156,0.521772789,0,0,0,0.343958445,0.073533123,0,0
8,T,chr8,41517064,41659545,rs16890723,chr8:41659545:T:C,C,T,1.183980652,0,0.785269056,0.038559573,0.002098256,0,0.179614768,0.046843047,2.29963e-05,0
8,A,chr8,95749023,94736795,rs9297945,chr8:94736795:A:G,G,A,-0.083499777,-0.230278714,-0.643705004,0,0,-0.251725623,-0.26098759,-0.090153924,-0.102681171,0
8,C,chr8,95965685,94953457,rs13255935,chr8:94953457:C:A,A,C,0,-0.348180866,-0.3116146,0,-0.276597813,-0.20040386,-0.446963246,0,-1.046950912,0
8,C,chr8,110122139,109109910,rs4129682,chr8:109109910:C:T,T,C,0,-0.633079672,-0.000896757,-0.058627445,-0.402460043,-0.057526882,0,0,-0.730666425,0
8,G,chr8,118185025,117172786,rs3802177,chr8:117172786:G:A,A,G,-1.939568624,-3.098649844,0,-0.019269589,0,-0.03761879,0,0,0,-0.257474617
8,C,chr8,129568078,128555832,rs1561927,chr8:128555832:C:T,T,C,-0.360788729,-0.137128195,-0.855548109,0,-0.154869038,0,-0.481703001,-0.252424209,-2.09e-07,-0.004758571
8,T,chr8,145509128,144285362,rs7828303,chr8:144285362:T:C,C,T,0,-0.6085776,-0.163352465,-0.030180521,0,-0.246509619,-0.026483285,-0.291536208,-1.362269916,-0.175052914
8,T,chr8,145639726,144414342,rs2272662,chr8:144414342:T:C,C,T,0,0.185891208,0.117374636,0.036199271,0,0.305530119,0,0.975052509,0,0.31795621
8,C,chr8,145903077,144677692,rs997258,chr8:144677692:C:A,A,C,0,0.011781951,0.372916654,0,0.217040191,0.270538179,0.149622938,0.353415191,0.573155795,0.344579871
9,G,chr9,4292083,4292083,rs10758593,chr9:4292083:G:A,A,G,0.631561057,1.454850721,0.232136024,0,0,0.028571364,0.488942954,0.075683124,0,0.376865077
9,T,chr9,19065295,19065297,rs7467618,chr9:19065297:T:C,C,T,1.712698775,0.45467878,0.045083078,0,0.02577074,0.369409821,0.19743483,0.146454316,0,0
9,T,chr9,20241069,20241071,rs7867635,chr9:20241071:T:C,C,T,0.245806514,0.388321747,0,0.143070878,0.563345016,0.293348622,0,0.010318903,0,0
9,A,chr9,22019129,22019130,rs523096,chr9:22019130:A:G,G,A,-1.433418581,-0.163277878,-0.059300305,0,-0.150957858,-0.112886289,-0.395851591,0,0,0
9,G,chr9,22054356,22054357,rs17694572,chr9:22054357:G:A,A,G,0.248837858,0.548894732,0,0.013678773,0.177137081,0.290693397,0.376666359,0.066620308,0.097979778,0.030712793
9,G,chr9,22128600,22128601,rs10811658,chr9:22128601:G:A,A,G,-0.031458004,-0.377431669,-0.19751611,0,-0.037546709,-0.091794895,-0.19508587,-0.075060787,-0.135262189,-0.213702036
9,T,chr9,22134094,22134095,rs10811661,chr9:22134095:T:C,C,T,-1.765405219,-0.537367833,-0.239019836,0,0,-0.410924437,-0.007792966,0,0,-0.270116518
9,T,chr9,28410683,28410685,rs1412234,chr9:28410685:T:C,C,T,0.026891671,0.185884884,0,0,1.504914678,0.420427765,0.092514614,0,0,0
9,G,chr9,81344701,78729785,rs1929883,chr9:78729785:G:A,A,G,-0.368185573,0,-0.277741822,-0.006844557,-0.451586893,-0.187247554,-0.120549332,-0.040687192,-0.073249504,-0.067583537
9,A,chr9,81905590,79290675,rs17791513,chr9:79290675:A:G,G,A,-0.708045912,-0.332135813,0,-0.042331399,-0.177939047,0,-0.118460359,-0.027126883,-0.029320734,-0.08083201
9,G,chr9,84308948,81694033,rs2796441,chr9:81694033:G:A,A,G,0,-0.609987165,0,0,-0.100349246,-0.189912586,-0.132505558,0,-0.713619169,0
9,G,chr9,96970197,94207915,rs7872931,chr9:94207915:G:A,A,G,-0.606041541,-0.062627808,-0.241116608,0,-0.656543982,-0.173015929,-0.147125098,-0.027457179,-0.03771577,-0.184665722
9,G,chr9,139256766,136362314,rs3829109,chr9:136362314:G:A,A,G,-1.105049988,-0.825033628,-0.071916125,-0.150268641,0,-0.199779338,-0.109898568,-0.661525967,0,-0.072733113
9,A,chr9,139285655,136391203,rs11145846,chr9:136391203:A:G,G,A,0.91427263,0.118264044,0.471953573,0.10589664,0.137450561,0,0.116210307,0.133072688,0,0.001348913
10,T,chr10,12250620,12208621,rs7895525,chr10:12208621:T:C,C,T,0.78200564,0.505559946,0.912818601,0.039686069,0,0.312114834,0,0,0,0.095658221
10,A,chr10,12314997,12272998,rs10906115,chr10:12272998:A:G,G,A,0,-0.169291392,-0.358697278,-0.02539753,-0.003251026,-0.139510264,-0.140675479,-0.00983727,-0.544271003,0
10,G,chr10,71317835,69558079,rs2616055,chr10:69558079:G:A,A,G,0.106748058,0.43446083,0,0.002360613,0.133618339,0.281622913,0.116766192,0.059194804,0.249529269,0
10,A,chr10,71321279,69561523,rs177045,chr10:69561523:A:G,G,A,0.492419385,0,0.887682343,0.058502107,0.145188609,0.045832079,0.244566265,0,0.106416944,0.07046011
10,T,chr10,71452285,69692529,rs2812533,chr10:69692529:T:C,C,T,-1.119202436,-0.231646947,-0.076968137,-0.179634667,0,-0.108598874,0,-0.054820404,-0.001121556,-0.03144439
10,T,chr10,71466578,69706822,rs2642588,chr10:69706822:T:G,G,T,0.15877227,0,0.412470868,0.105518579,0,0.266780441,0.0690375,0.09205211,0.015219885,0.086863742
10,T,chr10,80947438,79187681,rs697239,chr10:79187681:T:C,C,T,-0.028032923,-0.188360213,0,0,-0.400609177,-0.580814711,-0.014032523,-0.010404335,-0.117684549,-0.144698725
10,T,chr10,80959517,79199760,rs10509406,chr10:79199760:T:C,C,T,-0.497432854,0,-0.582627355,-0.013620623,-0.491268817,-0.150841044,0,-1.75e-05,-0.032453152,-0.170206548
10,C,chr10,89769340,88009583,rs11202627,chr10:88009583:C:T,T,C,0,0.906517221,0,0.098066636,0.529993831,0.652698033,0.091191041,2.44141e-10,0.708897693,0
10,C,chr10,93945476,92185719,rs7094274,chr10:92185719:C:T,T,C,1.441429276,0.247574765,0.041273198,0.077463104,0.25435489,0.130600625,0,0,0.034154942,0.280587417
10,C,chr10,94179028,92419271,rs2209972,chr10:92419271:C:T,T,C,-1.112716379,0,-0.078169292,0,-0.158292295,-0.301367245,-0.147411359,-0.166488284,0,0
10,C,chr10,94465559,92705802,rs5015480,chr10:92705802:C:T,T,C,-2.880154763,-0.006985747,0,0,-0.103595965,-0.358352293,-0.027593703,-0.000765628,-0.018399506,-0.013996535
10,T,chr10,114598202,112838443,rs17746088,chr10:112838443:T:C,C,T,0.522151912,0.129337997,0.201510794,0.148267142,0,0.280061047,0.253227276,0.181946294,0.000489299,0
10,G,chr10,114613439,112853680,rs11815670,chr10:112853680:G:A,A,G,0.021776441,0.708274074,0,0,0.294088555,0,0.120086665,0.025663278,0.363039503,0
10,T,chr10,114635381,112875622,rs1927157,chr10:112875622:T:C,C,T,0.023588294,0.840520594,0,0.153551522,0.202682509,0.063136178,0.013680562,0.102632204,0.545070257,0
10,C,chr10,114648499,112888740,rs1885283,chr10:112888740:C:A,A,C,0,1.109594126,0,0.178669655,0.131812896,0.179355408,0.012795423,0,0.747796341,0
10,G,chr10,114745788,112986029,rs7079711,chr10:112986029:G:A,A,G,-1.047852801,-1.044784999,-0.047420358,-0.119562653,0,-0.368122393,0,-0.025930666,0,-0.055341886
10,T,chr10,114752503,112992744,rs17747324,chr10:112992744:T:C,C,T,0.897544962,4.035483933,0,0.238610399,0.016984474,0.11137658,0,0.05786894,0,0.307113792
10,G,chr10,114759445,112999686,rs11196187,chr10:112999686:G:A,A,G,1.45885039,1.514968569,1.36654e-10,0.107340325,0,0.15930043,0,0.140006824,0,0
10,G,chr10,114772429,113012670,rs12354626,chr10:113012670:G:A,A,G,-0.819608558,-0.845301289,0,-0.001916432,-0.217635345,0,-0.086347628,0,0,0
10,A,chr10,114823426,113063667,rs7087006,chr10:113063667:A:G,G,A,0.266047566,1.85237172,0,0.150299283,0.050132422,0.049782119,0.153680827,0.097257928,0,0
10,G,chr10,114824473,113064714,rs10885410,chr10:113064714:G:A,A,G,-0.853111469,-1.069016529,-0.102979151,0,0,-0.047800404,0,-0.223168763,0,-0.16348058
10,A,chr10,114859251,113099492,rs6585206,chr10:113099492:A:G,G,A,-0.674166465,-0.583706492,0,-0.124179311,0,-0.414678957,0,-0.093474299,0,-0.122526602
10,A,chr10,114861304,113101545,rs10885414,chr10:113101545:A:G,G,A,-0.394091077,-1.141148754,0,-0.147154617,0,-0.40964825,0,-0.202055432,0,-0.010383835
10,T,chr10,114880342,113120583,rs4918796,chr10:113120583:T:C,C,T,0.613027932,0.134016443,0.123523348,0.055293674,0,0.153469485,0.067589518,0.10418147,0.030123395,0.176099473
10,G,chr10,114915214,113155455,rs290483,chr10:113155455:G:T,T,G,0.401163501,0.65113653,0.085790146,0.128033686,0,0.197171146,0.383073416,0.148536616,0,0
10,C,chr10,124139393,122379877,rs11200594,chr10:122379877:C:T,T,C,-1.048521546,0,-0.247137514,-0.155016567,-0.010286765,-0.463161416,0,-0.052646607,0,0
11,G,chr11,2101283,2080053,rs11600952,chr11:2080053:G:A,A,G,1.469569316,0,0.040841431,0.33081855,0,0.421931535,0,0.095057349,0,0
11,C,chr11,2213166,2191936,rs7111341,chr11:2191936:C:T,T,C,0.033754501,0.149473593,0.005289356,0.054965683,0.383543302,0.609616923,0.096137984,0,0.296879649,0.121441164
11,C,chr11,2672821,2651591,rs231349,chr11:2651591:C:T,T,C,0.021827725,0.038964543,0.121647966,0.048071162,0.149887136,0.257670425,0.154515963,0,0.493361328,0.107115999
11,A,chr11,2691471,2670241,rs231362,chr11:2670241:A:G,G,A,0.072704047,0.761381862,0.461067123,0.059325073,7.12706e-06,0.377917909,0.150879873,0,0.342946127,0.026958652
11,T,chr11,2755601,2734371,rs2283222,chr11:2734371:T:C,C,T,-0.001965239,0,-0.937322292,0,0,-0.328833834,-0.034232898,0,-0.25760018,-0.067246094
11,C,chr11,2825279,2804049,rs2074197,chr11:2804049:C:T,T,C,-0.406039526,-0.696512065,-0.228506315,-0.131982005,0,-0.172122023,-0.113072723,0,-0.048310684,0
11,T,chr11,2838413,2817183,rs163177,chr11:2817183:T:C,C,T,1.137762067,0.64959314,0.075161316,0,0.006893147,0.441127071,0.151011212,0,0,0.087898962
11,C,chr11,17418477,17396930,rs757110,chr11:17396930:C:A,A,C,-0.980685856,-0.101208926,-0.852557829,-0.047445722,-0.056317382,-0.114456265,-0.217107743,-0.071608891,-0.095093869,-0.174074929
11,G,chr11,28534898,28513351,rs4923543,chr11:28513351:G:A,A,G,0.01229258,0,1.049679987,0.064643514,0.111231181,0.22626616,0.346388831,0.078533083,0.315218823,0.017729745
11,T,chr11,34997562,34976015,rs504034,chr11:34976015:T:C,C,T,0,-0.396189225,-0.024955072,0,-0.369012706,-0.253164972,0,0,-0.774995168,-0.022741834
11,C,chr11,43877934,43856384,rs1061810,chr11:43856384:C:A,A,C,1.26231893,0,0,0,1.17896424,0.229521,0,0,0,0.19134354
11,G,chr11,45839889,45818338,rs12805422,chr11:45818338:G:A,A,G,-1.999068669,-0.359740781,-0.469912073,0,0,0,-0.258895929,0,0,0
11,C,chr11,47529947,47508395,rs7124681,chr11:47508395:C:A,A,C,0,1.392355027,0,0.287716132,1.653642323,0.329444512,0.115967564,0.317244479,0.096873598,0
11,C,chr11,65172197,65404726,rs694243,chr11:65404726:C:T,T,C,0,-0.363845018,-0.031774687,-0.117754544,-0.06856157,-0.479306536,-0.260983447,-0.261719725,-0.603821441,-0.355379241
11,G,chr11,65302893,65535422,rs947791,chr11:65535422:G:A,A,G,0,0,0.051046797,0.013863673,0.583378946,0.247779137,0.266752539,0.220301103,1.409429093,0.390685554
11,G,chr11,65560785,65793314,rs3814707,chr11:65793314:G:A,A,G,-0.488946183,0,0,-0.163878147,-0.548263225,-1.092901683,-0.055968641,-0.030915346,-0.004295303,-0.492503615
11,G,chr11,69463273,69648505,rs3918298,chr11:69648505:G:A,A,G,-0.722191726,-0.213634099,-0.479362075,-0.078353539,-0.083716315,0,-0.314202346,-0.146539212,0,-0.01904051
11,G,chr11,72432985,72721940,rs11603334,chr11:72721940:G:A,A,G,-0.516912302,0,-5.644396021,0,0,-0.004783594,0,-0.018067027,0,0
11,T,chr11,72499035,72787990,rs663015,chr11:72787990:T:C,C,T,0,0,3.802667873,0.078589109,0.11875499,0,0.160302102,0,0.295199524,0
11,C,chr11,92673828,92940662,rs1387153,chr11:92940662:C:T,T,C,4.573762407,1.695571215,0.012286795,0,0.084249578,0,0,0,0,0.089321571
11,C,chr11,92756551,93023385,rs9971402,chr11:93023385:C:A,A,C,1.296774667,0.468775229,0.022839034,0.022075877,0.131731626,0.003781186,0.056881487,0,0.000532134,0.113386979
11,T,chr11,93014343,93281177,rs1900385,chr11:93281177:T:G,G,T,0.526992079,0.227146244,0.254138021,0,0.192894369,0,0.091493933,0.073615529,0.00424406,0.064422786
11,T,chr11,128042575,128172680,rs10893829,chr11:128172680:T:C,C,T,-0.314038462,-0.053683654,-0.153480721,0,-0.039438327,-0.38948942,-0.196526219,-0.058829703,-0.084864947,-0.026827037
11,A,chr11,128234144,128364249,rs10750397,chr11:128364249:A:G,G,A,-0.266210926,-0.172755948,0,-0.077674854,-0.008841203,-0.22528902,-0.248550519,-0.142304555,-0.097126088,-0.0194401
11,C,chr11,128389391,128519496,rs11819995,chr11:128519496:C:T,T,C,0.043198242,0.772012591,0.01174988,0.127186232,0.167997854,0,0.098002487,0.023610589,0.127820157,0
12,C,chr12,4297831,4188665,rs7963651,chr12:4188665:C:A,A,C,0.099265614,0.370335581,0.004613062,0,0.357925713,0.17303938,0.011961718,0.022514006,0.008098169,0.060846731
12,A,chr12,4374373,4265207,rs11063069,chr12:4265207:A:G,G,A,0,0.16723466,1.05656078,0.106521869,0,0.551170565,0.083359844,0.038451245,0.156348364,0.109195609
12,A,chr12,4386064,4276898,rs3217795,chr12:4276898:A:G,G,A,-0.527902919,-0.420694368,-0.429447271,0,-0.146345713,0,-0.344109773,-0.129039995,0,0
12,T,chr12,4399087,4289921,rs3217862,chr12:4289921:T:G,G,T,0.006749587,0.185485325,0.271495553,0.089889051,0.206258076,0.297589631,0.060102496,0.054314254,0.158014144,0.20506927
12,A,chr12,4406281,4297115,rs12299509,chr12:4297115:A:G,G,A,0.024002305,0.254158847,0.140664742,0.134925527,0.037824844,0.049261559,0.19721843,0.227115112,0.224198709,0.247817247
12,C,chr12,26398707,26245774,rs2343872,chr12:26245774:C:T,T,C,0.517347616,0,0,0.036354894,0.336513796,0.766773177,0.193208948,0.052600699,0,0
12,A,chr12,26457190,26304257,rs1872992,chr12:26304257:A:G,G,A,0.600010193,0.339676299,0,0.054190764,0.260923812,1.505675591,0.011583943,0.375214732,0,0
12,G,chr12,27959998,27807065,rs10492373,chr12:27807065:G:A,A,G,-0.0148531,-0.634001347,-0.089925741,0,-0.07110438,-0.132125273,-0.078861856,-0.135786645,-0.292012163,-0.265654881
12,C,chr12,66209646,65815866,rs2612075,chr12:65815866:C:T,T,C,0.160860141,0.134520944,0.248017779,0.034358354,0.125994557,0.46453186,0.133303164,0.093511596,0.245690779,0.295392678
12,C,chr12,66358347,65964567,rs1042725,chr12:65964567:C:T,T,C,0.278227314,0,0.54321218,0.630169998,0.067520341,0.929708818,0.008062828,0.106154029,0.098633809,0.365124042
12,A,chr12,71523134,71129354,rs1051334,chr12:71129354:A:C,C,A,0.960205989,0.101648499,0.037543187,0.004832287,0.016477303,0.370206279,0.082672276,0.060149698,0.00037672,0.174333944
12,C,chr12,95928560,95534784,rs2197973,chr12:95534784:C:T,T,C,0.365328615,0.463337335,0,0.216822609,0.68826233,0.158918328,9.27214e-08,0.169625036,0.005548647,0.275850962
12,C,chr12,97847018,97453240,rs1592519,chr12:97453240:C:T,T,C,-0.259015822,-0.578789053,-0.6178635,-0.002904206,-0.048131526,-0.048488419,-0.143320168,-0.055527922,-0.157971155,0
12,C,chr12,108618630,108224853,rs3764002,chr12:108224853:C:T,T,C,-1.899871509,0,0,0,-0.576491174,-0.457764806,0,-0.040130184,0,-0.031935187
12,A,chr12,121236160,120798357,rs550349,chr12:120798357:A:C,C,A,1.526315424,0,0,0.215312538,0,0.048245122,1.129591104,0,0,0.471154523
12,G,chr12,121297815,120860012,rs11065299,chr12:120860012:G:A,A,G,0.961170462,0.179800396,0.372314195,0.082006973,0,0.208089951,0.862462142,0.006143975,0,0.282224766
12,T,chr12,121432302,120994499,rs1169302,chr12:120994499:T:G,G,T,1.189467656,0,0.522219364,0,0,0,2.124353436,0,0,0.424083485
12,C,chr12,121541831,121104028,rs7298521,chr12:121104028:C:T,T,C,0.607883026,0.006626981,0.729211609,0.063702631,0,0.068936394,0.144608482,0.000740829,0.014746951,0.178601271
12,G,chr12,121602760,121164957,rs208302,chr12:121164957:G:A,A,G,0.71471473,0,0.280578085,0.164565494,0.348772324,0.260543885,0.304907685,0.002590457,0,0.154769775
12,T,chr12,123820397,123335850,rs11057276,chr12:123335850:T:C,C,T,0.783921826,0.296503323,0,0.182311428,0.090964145,0.676316306,0.25767879,0.288648404,0.062078446,0
12,C,chr12,124470059,123985512,rs11837287,chr12:123985512:C:T,T,C,0,-0.064898245,0,0,0,-2.244423971,0,-0.059653158,-1.23423317,-0.00544677
12,C,chr12,124505444,124020897,rs863750,chr12:124020897:C:T,T,C,0,0,0,0,0,2.095401288,0,0.0910754,0.925334921,0.114637325
12,G,chr12,133069134,132492548,rs1882297,chr12:132492548:G:A,A,G,0.841104579,0.804110979,0.121622535,0.054288594,0.081089968,0.124895239,0.004715319,0.174930299,0,0
13,G,chr13,26781528,26207391,rs10507349,chr13:26207391:G:A,A,G,-0.82812283,-0.305518504,0,-0.160890861,-0.00424838,-0.376920873,-0.020424631,-0.038807093,0,-0.066027799
13,C,chr13,31033232,30459095,rs1045411,chr13:30459095:C:T,T,C,-0.312359068,-0.154692007,0,-0.054050016,-0.798608683,-0.663846706,0,-0.021828637,0,0
13,G,chr13,33554302,32980164,rs576674,chr13:32980164:G:A,A,G,-1.200505888,-0.789070936,-0.081440739,0,-0.033840886,0,-0.207940623,-0.10488847,0,-0.022528859
13,T,chr13,51094114,50519978,rs9316500,chr13:50519978:T:G,G,T,-0.113021503,-0.151126686,-0.434318129,-0.019988054,-0.236221567,-0.044664573,-0.65862887,-0.05126669,-0.117044952,0
13,A,chr13,58988271,58414137,rs7988007,chr13:58414137:A:C,C,A,0,0,0,0,-0.600290336,-0.148189014,0,0,-1.347861988,-0.069323753
13,G,chr13,80717156,80143021,rs1359790,chr13:80143021:G:A,A,G,-0.021523515,-0.556371655,-0.924915806,-0.156897471,-0.074399612,-0.058520187,0,-0.028596218,-0.859770528,-0.130426914
13,C,chr13,109944192,109291844,rs9555581,chr13:109291844:C:T,T,C,0,0,-0.771688691,0,-0.281303404,-0.453941068,0,0,-0.090033483,-0.01089629
14,A,chr14,33303298,32834092,rs7145828,chr14:32834092:A:G,G,A,0.637427079,0.431458997,0,0.028156075,0.932437214,0.082039033,0,0.033499101,0,0.081194736
14,G,chr14,38848419,38379215,rs8017808,chr14:38379215:G:T,T,G,-0.802483797,-0.405598899,0,0,-0.292877611,-0.543965317,0,-0.090732068,0,0
14,T,chr14,79936964,79470621,rs10150332,chr14:79470621:T:C,C,T,0,0,0,0.149964374,1.469847488,0.534812097,0.125238493,0,0,0
14,G,chr14,91883499,91417155,rs1742546,chr14:91417155:G:A,A,G,0.428672923,0.209527521,0.276617408,0,0.121188093,0.125863276,0.215541399,0.117792822,0.019953821,0.207571411
14,G,chr14,103888324,103421987,rs1028613,chr14:103421987:G:A,A,G,0,0,-0.014665628,-0.169949394,-0.886123702,-0.258475577,0,-0.188601616,-0.560851282,0
15,T,chr15,38834033,38541832,rs8032939,chr15:38541832:T:C,C,T,0.452917871,0.153545374,0.648662501,0.026825529,0.404823312,0,0.051292614,0.095122565,0.204196382,0.04840667
15,A,chr15,40387971,40095770,rs11637681,chr15:40095770:A:G,G,A,0.289386829,0.046500816,0.015522348,0.181711131,0.030161935,0.890969504,0.010499642,0.110210058,0.347741699,0.314986155
15,G,chr15,41801512,41509314,rs2289739,chr15:41509314:G:T,T,G,0,0.038948424,0.16622346,0,0.363408775,0.614184075,0,0.026375046,0.099672328,0.055829075
15,C,chr15,53091553,52799356,rs2456530,chr15:52799356:C:T,T,C,0,0.048143415,0,0,0.493988976,0.257739398,0,0,1.197914205,0
15,G,chr15,57535215,57243017,rs12440878,chr15:57243017:G:A,A,G,0.0293687,0.128600471,0,0,0.556314587,0.185757867,0.057437871,0.035631389,0.177735769,0.066237832
15,C,chr15,62391608,62099409,rs7163757,chr15:62099409:C:T,T,C,-2.732252492,-1.679497161,0,-0.398094468,0,0,-0.451966853,-3.1e-09,0,0
15,C,chr15,63871292,63579093,rs7178762,chr15:63579093:C:T,T,C,-0.221470501,-0.230408036,-0.000400531,-0.083437356,-0.573727645,-0.663612172,-0.141202401,-0.012656587,0,-0.336400538
15,T,chr15,75928192,75635851,rs7166281,chr15:75635851:T:G,G,T,-0.209382162,-0.624026046,-0.161062621,-0.141597429,-0.147921394,-0.327316158,-0.204751197,-0.053988914,-0.657516713,-0.239462395
15,C,chr15,77307910,77015569,rs4886508,chr15:77015569:C:T,T,C,0,0.156711231,0.033452358,0.152699177,0.192810011,0.311667372,0,0,1.506243322,0
15,C,chr15,77818128,77525786,rs1005752,chr15:77525786:C:A,A,C,0,0.585982287,0.01343073,0.106283892,0.4424944,0.517835155,0,0,0.524097857,0.006586299
15,C,chr15,90449476,89906244,rs17242083,chr15:89906244:C:T,T,C,-1.235320095,-0.44270968,0,-0.204386307,-0.018317905,-0.123628424,0,-0.044865526,-0.005494804,-0.082300766
15,G,chr15,91512067,90968837,rs2290203,chr15:90968837:G:A,A,G,1.283629589,0.17772333,0.154477787,0,0.114180493,0.114573988,0.46340307,0.098116931,0.207199118,0
16,T,chr16,293562,243563,rs11248914,chr16:243563:T:C,C,T,-1.141718374,-0.324741934,-0.194823094,-0.013163422,-0.130994838,-0.154268403,0,-0.128820024,-0.330932788,-0.246223729
16,C,chr16,3613126,3563125,rs12445430,chr16:3563125:C:T,T,C,0.694555542,0.163974872,0,0,0.761130558,0.342798012,0.059284029,0.005862732,0,0.203343125
16,T,chr16,28913787,28902466,rs7189927,chr16:28902466:T:C,C,T,0,-0.41642557,0,-0.170729487,-1.922729578,-0.146026947,-0.195642679,-0.173182778,-0.886831328,-0.194722301
16,T,chr16,30033633,30022312,rs12325539,chr16:30022312:T:C,C,T,0.137814742,0.565134112,0,0.161992546,1.095624544,0.350827963,0.17990068,0.392749516,0,0.274968506
16,G,chr16,53544993,53511081,rs3095571,chr16:53511081:G:A,A,G,-0.894018509,-0.003054425,-0.065937522,-0.017530053,-0.137589662,-0.730705293,0,-0.043627358,0,0
16,T,chr16,53800954,53767042,rs1421085,chr16:53767042:T:C,C,T,0.086925823,0,2.16359e-06,0,4.408422409,0,0,0,0,0.215287679
16,T,chr16,53843533,53809621,rs6499646,chr16:53809621:T:C,C,T,-0.007372895,0,-0.063312414,0,-0.892653795,-0.141332159,0,0,-0.633102608,0
16,G,chr16,53844579,53810667,rs17218700,chr16:53810667:G:A,A,G,0,-0.471607621,0,-1.67e-06,-0.984086782,-0.081794021,0,-0.021663696,-0.062680434,-0.080387842
16,T,chr16,53877592,53843680,rs6499653,chr16:53843680:T:C,C,T,-0.003716132,-0.291062723,-2.78e-06,0,-1.299831813,-0.080786817,0,0,0,0
16,C,chr16,69556715,69522812,rs889398,chr16:69522812:C:T,T,C,-0.051869182,-0.146506737,-0.028629436,-0.103205153,-1.263098732,-0.626331954,0,0,-0.206811522,-0.164983012
16,A,chr16,75247391,75213493,rs7202844,chr16:75213493:A:G,G,A,-1.408496866,-0.452267545,0,-0.151914494,-0.224683447,-0.270075244,-0.03946711,-0.022532787,0,-0.051876513
16,T,chr16,81534790,81501185,rs2925979,chr16:81501185:T:C,C,T,0,0,-0.405587977,0,0,-2.083178898,0,0,-0.593311914,-0.047976684
16,C,chr16,81541587,81507982,rs8063007,chr16:81507982:C:A,A,C,-0.408550625,-0.273980269,-0.112642349,-0.127009622,0,-0.774645672,0,-0.110504537,-0.058256536,-0.029066644
17,C,chr17,3840055,3936761,rs12453022,chr17:3936761:C:T,T,C,0.01224175,0,1.011757232,0.129470851,0.059165769,0.44482288,0,0.051140048,0.068143768,0
17,T,chr17,4066657,4163363,rs4790581,chr17:4163363:T:C,C,T,-0.029787502,-0.094426027,-0.015372499,0,-0.43227153,-0.174189277,-0.080145827,-0.043724624,-0.925949127,-0.035298814
17,T,chr17,7537792,7634474,rs727428,chr17:7634474:T:C,C,T,-0.480319658,0,-0.238562824,-0.148686846,0,-0.686243357,0,-0.010543996,0,-7.139493795
17,G,chr17,9787958,9884641,rs7219033,chr17:9884641:G:A,A,G,1.817637027,0,0,0,0.482076778,0.100078873,0,0,0,0
17,A,chr17,17661802,17758488,rs4925109,chr17:17758488:A:G,G,A,0,0,-0.776331203,-0.097100669,-0.024454345,-1.206796882,0,-0.03800375,-0.449558752,-0.505757284
17,T,chr17,17726469,17823155,rs1108511,chr17:17823155:T:C,C,T,0,0,-0.16026499,-0.077353422,-0.272172913,-0.582207003,0,-0.0692152,-0.972892477,-0.252862538
17,G,chr17,36047417,37687414,rs3110641,chr17:37687414:G:A,A,G,-0.260523079,-0.462769013,-0.140590358,0,0,-0.19405415,-0.262595955,0,0,-0.084939986
17,G,chr17,36063685,37703678,rs2189301,chr17:37703678:G:A,A,G,0,-0.079968425,-0.483033804,-0.091316298,-0.240190949,-0.149547805,-0.095966021,-0.084673241,-0.17909187,0
17,A,chr17,36098987,37738996,rs4239217,chr17:37738996:A:G,G,A,1.06386367,0.213714104,0.707527244,0.000575466,0,0.283603282,0,0.087407363,0,0.016488968
17,G,chr17,40720632,42568614,rs646123,chr17:42568614:G:A,A,G,0.283249876,0,0.212094649,0,0.582465573,0.932616816,0,0.039449919,0,0.312631726
17,C,chr17,47091420,49014058,rs9906944,chr17:49014058:C:T,T,C,0,-0.251983269,0,-0.064949992,-1.007636689,-0.570368181,0,0,-0.330162095,-0.176407823
17,A,chr17,65957568,67961452,rs9899520,chr17:67961452:A:G,G,A,-0.062492775,-0.12710776,0,0,-0.869391711,-0.90559801,0,-0.097421996,0,0
18,T,chr18,7070642,7070643,rs7240767,chr18:7070643:T:C,C,T,0.005523596,0.155704879,0.227056359,0.00840613,0.076927699,0.001607745,0.224346755,0.11847616,0.213596882,0.001338736
18,G,chr18,36313311,38733347,rs7505951,chr18:38733347:G:A,A,G,0.191498404,0.771462826,0,0,0.781767682,0.228109672,0,0,0,0.126014033
18,T,chr18,53048885,55381654,rs17594301,chr18:55381654:T:C,C,T,0.015670891,0.434761696,0.121536227,0.119478558,0,0.255763977,0.093358948,0.015321864,0.837515787,0.055272186
18,G,chr18,54667564,57000333,rs2118195,chr18:57000333:G:A,A,G,-0.664129259,-0.292277874,0,-0.060597103,-0.354041995,-0.146053718,-0.027176393,-0.120911235,0,-0.295923611
18,G,chr18,56876228,59208996,rs9957145,chr18:59208996:G:A,A,G,-0.008856359,-0.160485292,0,-0.003195263,-0.960434427,-0.047862046,0,0,-0.615360992,-0.045657687
18,T,chr18,57848531,60181298,rs2168711,chr18:60181298:T:C,C,T,0.066087428,0,0.352248951,0,2.562031897,0.341080645,0,0,0,0.317121967
18,G,chr18,57969244,60302011,rs9675376,chr18:60302011:G:A,A,G,0,0.01954893,0,0,1.942306491,0.385855185,0,0,0,0.033799365
18,C,chr18,58052665,60385432,rs9947450,chr18:60385432:C:T,T,C,-0.631910349,0,0,0,-1.233461451,-0.290788968,0,0,0,0
18,T,chr18,60845884,63178651,rs12454712,chr18:63178651:T:C,C,T,0,-0.273196713,0,-0.074831373,0,-1.989992992,-1.76e-07,-0.005935939,-0.30530507,0
19,A,chr19,7235146,7235135,rs17175860,chr19:7235135:A:G,G,A,0.180150589,0,0.099885616,0.117343663,0.009616963,1.012663083,0,0,0.040328931,0.603394361
19,A,chr19,7970635,7905750,rs4804833,chr19:7905750:A:G,G,A,0,-0.474025497,0,0,-0.305849238,-0.815738079,-0.179039075,0,-1.444183081,-0.127455337
19,G,chr19,13054781,12943967,rs1049481,chr19:12943967:G:T,T,G,0.027826628,0.060069161,0.104546012,0.170124967,0.132828925,0.478283116,0.138555431,0.087067948,0.500667312,0.180448394
19,T,chr19,19407718,19296909,rs10401969,chr19:19296909:T:C,C,T,0,0.06877104,0,0.202391445,0.384659871,1.072552755,1.197073749,1.633701363,0,0
19,A,chr19,33918423,33427517,rs11667352,chr19:33427517:A:G,G,A,0,-0.227072516,-0.158540634,-0.002180899,-0.092992902,-1.27934573,-0.144048438,0,-0.17670631,-0.003431326
19,C,chr19,33938800,33447894,rs7258937,chr19:33447894:C:T,T,C,-0.129201831,-0.321633716,-0.009677688,0,-0.040384785,-1.205255297,0,0,-0.073075067,-0.258836018
19,A,chr19,45395619,44892362,rs2075650,chr19:44892362:A:G,G,A,0,-9.55e-07,0,-0.074499846,-3.472830731,0,-1.410861136,-0.476272325,0,-0.281308406
19,T,chr19,46157004,45653746,rs10408179,chr19:45653746:T:C,C,T,-1.477093001,-0.580559717,-0.013605673,-0.07991341,-0.263761359,-0.535802057,0,0,-0.071750061,0
19,G,chr19,46172278,45669020,rs11671664,chr19:45669020:G:A,A,G,1.54204149,0.945364704,0,0.102660978,0,0.401636887,0,0.169491216,0,0
19,A,chr19,46191021,45687763,rs2075142,chr19:45687763:A:G,G,A,0.131992806,0.054689288,0.130879107,0.075769489,0.61626146,0.280639279,0.153863991,0.056966796,0.060390543,0
19,G,chr19,47569003,47065746,rs3810291,chr19:47065746:G:A,A,G,0.602624237,0.732320619,0,0,1.077025393,0.192733808,0.030894748,0.57202997,0,0.382809589
20,G,chr20,21451139,21470501,rs813393,chr20:21470501:G:A,A,G,0.600662199,0.153572164,0.266168427,0,0.478012613,0.09716451,0.024631597,0,0,0.025511024
20,C,chr20,31966698,33378892,rs2065703,chr20:33378892:C:T,T,C,0.153313816,0.339172689,0.104905257,0.24999249,0.086616011,1.11198154,0,0.165329938,0,0.270709554
20,G,chr20,32415089,33827283,rs736953,chr20:33827283:G:T,T,G,0.857194847,0.667477717,0,0.039045911,0.002163018,0.207016897,0.088725067,0.029214993,0,0
20,A,chr20,32622608,34034802,rs6120487,chr20:34034802:A:G,G,A,0.288559156,0.013187081,0.438398614,0.01326371,0.404062832,0.931878876,0.003318938,0.029608651,0,0.276911044
20,G,chr20,42985717,44357077,rs2144908,chr20:44357077:G:A,A,G,0.791346068,0,0.992332995,0.14184878,0,0,0.251131275,0.023788378,0.046880749,0.083908897
20,C,chr20,43042364,44413724,rs1800961,chr20:44413724:C:T,T,C,0.145796443,0,0.446389307,0,0.080802744,0.996197033,1.094198557,0.253623107,0,0.099991257
20,A,chr20,45557017,46928378,rs1412956,chr20:46928378:A:G,G,A,0.490448565,0.060442994,0.006275299,0.069219688,0,1.432912778,0,0.020497451,0,0.146424471
20,G,chr20,45598564,46969925,rs6063048,chr20:46969925:G:A,A,G,-0.288571484,-0.539209896,0,-0.161160537,-0.089641606,-1.301873032,0,-0.049080799,0,-0.134030617
20,T,chr20,48830265,50213728,rs6012876,chr20:50213728:T:C,C,T,-0.502907614,-0.856137399,-0.129453993,-0.060693664,0,-0.097778273,-0.102510313,-0.296734597,0,-0.006072761
20,A,chr20,51222704,52606165,rs17733217,chr20:52606165:A:G,G,A,-0.030284589,0,-0.07024878,0,-1.293893158,-0.546448603,0,0,-0.117711523,-0.078770693
20,G,chr20,57379850,58804795,rs6064709,chr20:58804795:G:A,A,G,0.01206001,0.31309709,0.346400608,0,0.255880013,0.085637364,0.090241356,0,0.283772631,0.085123621
22,A,chr22,30599562,30203573,rs2023681,chr22:30203573:A:G,G,A,0.550631275,0.064895433,0.144567125,0,0.386309352,0.957006517,0,0.056678325,0.082869503,0
22,C,chr22,32384307,31988320,rs2006867,chr22:31988320:C:T,T,C,-0.696424047,-0.308318011,-0.008335161,-0.093530076,-0.201873345,-0.407815137,-0.259513693,-0.032972366,-0.048221339,-0.081548163
22,G,chr22,41489920,41093916,rs5758223,chr22:41093916:G:A,A,G,0.01522853,0.218406744,0.043393356,0,0.693109732,0.093345242,0.104701243,0.019741444,0.656569856,0
22,C,chr22,44324730,43928850,rs738408,chr22:43928850:C:T,T,C,0,0,0,0,0.195888258,1.062586265,1.410335985,0.338766438,0.427844449,0
22,C,chr22,50451771,50013342,rs713669,chr22:50013342:C:T,T,C,0.748912771,0,0.438283929,0,0.309273058,0.215659761,0.065695215,0.393346937,0,0.17396539
22,G,chr22,50588313,50149884,rs12484907,chr22:50149884:G:A,A,G,0.168332792,0.390547804,0.038532512,0,0.064006122,0.316970908,0.276016207,0.180440167,0.030108362,0.08280135
