Chr,Pos,Ref,Alt,Loci,RSID,Effect_Allele,IR_lipodystrophy,adiposity_driven_hyperinsulinemia,IR_mediated_by_visc_adiposity,preserved_insulin_secretion,elevated_insulin_secretion,stressed_beta_cell,hepatic_insulin_resistance
2,165528876,C,T,COBLL1,rs13389219,C,2.84317790838004,0,0,0,0,0,0
6,43757896,C,A,VEGFA,rs998584,A,2.68285584427918,0,0,0,0,0,0
2,227099534,A,G,IRS1,rs2943646,G,2.59870447187873,0,0,0,0,0,0
1,219624387,C,T,LYPLAL1.2,rs12034686,T,2.09338484242057,0,0,0,0,0,0
12,124409502,G,A,DNAH10,rs7133378,G,1.95199134206084,0,0,0,0,0,0
11,63869062,C,T,MACROD1,rs2845885,C,1.79186203542635,0,0,0,0,0,0
6,127452116,C,T,RSPO3,rs1936805,T,1.70383497051194,0,0,0,0,0,0
7,130466854,A,G,KLF14,rs972283,G,1.69425410301836,0,0,0,0,0,0
4,89739808,A,G,FAM13A,rs3775380,G,1.60799807174676,0,0,0,0,0,0
3,12336507,G,A,PPARG.1,rs11709077,G,1.59861095064697,0,0,0,0,0,0
19,33899065,G,A,PEPD,rs731839,G,1.49895139991875,0,0,0,0,0,0
5,118729286,C,T,TNFAIP8,rs1045241,C,1.42269471640677,0,0,0,0,0,0
18,60845884,T,C,BCL2.1,rs12454712,T,1.37705829546187,0,0,0,0,0,0
2,622827,T,C,TMEM18,rs2867125,T,1.37189287524205,0,0,0,0,0,0
6,164107529,A,G,QKI,rs17630640,A,1.36788229033544,0,0,0,0,0,0
3,52844534,C,T,ITIH3,rs17331151,C,1.31488779828892,0,0,0,0,0,0
22,44324730,C,T,PNPLA3,rs738408,T,1.30177560313067,0,0,0,0,0,0
12,66351826,T,C,HMGA2,rs1351394,C,1.27850608324152,0,0,0,0,0,0
6,139831757,T,C,CITED2,rs634869,T,1.26177800996201,0,0,0,0,0,0
12,111884608,T,C,SH2B3,rs3184504,T,1.25141608597657,0,0,0,0,0,0
22,38545942,T,C,PLA2G6,rs132941,T,1.24974390864149,0,0,0,0,0,0
1,219759733,A,G,SLC30A10,rs3897379,A,1.23071020441651,0,0,0,0,0,0
17,17660347,C,T,RAI1,rs752579,C,1.18792971841101,0,0,0,0,0,0
20,45582472,G,A,EYA2,rs1206760,G,1.14880710615179,0,0,0,0,0,0
7,77417584,T,C,RSBN1L,rs1544459,T,1.13938387488288,0,0,0,0,0,0
1,172346548,G,A,DNM3,rs1011731,G,1.119919124144,0,0,0,0,0,0
6,130436472,C,T,L3MBTL3,rs6914419,C,1.11815265574152,0,0,0,0,0,0
3,150074251,G,A,TSC22D2,rs11929253,A,1.10166778450614,0,0,0,0,0,0
5,55806751,A,G,AC022431.2,rs459193,G,1.0257996933284,0,0,0,0,0,0
5,53272664,G,A,ARL15,rs4865796,A,1.01549052618712,0,0,0,0,0,0
8,23615445,T,C,NKX2-6,rs13258890,T,0.965084798521165,0,0,0,0,0,0
1,78623626,C,T,GIPC2,rs17391694,C,0.951261377586259,0,0,0,0,0,0
8,9183596,A,G,RP11-10A14.4,rs4841132,A,0.949334964584273,0,0,0,0,0,0
15,39446211,A,G,C15orf54,rs275182,A,0.872092979900217,0,0,0,0,0,0
10,65350383,A,G,REEP3,rs10822186,A,0.868202966462736,0,0,0,0,0,0
5,157961804,T,C,EBF1,rs6872354,T,0.866164062562895,0,0,0,0,0,0
4,157670537,T,C,PDGFC,rs6855363,T,0.846047284381584,0,0,0,0,0,0
16,53809247,G,A,FTO.1,rs1121980,A,0,4.69074157434207,0,0,0,0,0
4,45182527,A,G,GNPDA2,rs10938397,G,0,2.36868937032383,0,0,0,0,0
12,50247468,G,A,BCDIN3D,rs7138803,A,0,1.99221775251067,0,0,0,0,0
9,28410683,T,C,LINGO2,rs1412234,C,0,1.82799310599603,0,0,0,0,0
7,75163169,A,G,HIP1,rs1167827,G,0,1.44991141423394,0,0,0,0,0
18,21133937,G,A,NPC1,rs11663558,G,0,1.38453493677477,0,0,0,0,0
13,58670147,C,T,PCDH17,rs9563576,C,0,1.29844922488833,0,0,0,0,0
10,114758349,C,T,TCF7L2,rs7903146,C,0,1.22541481006199,0,0,0,0,0
3,107820063,C,T,CD47,rs7640424,C,0,1.17331186017304,0,0,0,0,0
17,65947640,G,A,BPTF,rs12449442,A,0,1.1626734981913,0,0,0,0,0
7,6746738,T,C,ZNF12,rs9639027,C,0,1.15585421060088,0,0,0,0,0
8,67194171,G,A,CRH,rs12334877,G,0,0.960514280156196,0,0,0,0,0
7,112930495,A,G,TSRM,rs1917043,G,0,0.931280505530589,0,0,0,0,0
1,54726362,A,G,SSBP3,rs3766437,G,0,0.924252065000913,0,0,0,0,0
5,112501801,T,C,MCC,rs12652257,C,0,0.883796284255952,0,0,0,0,0
16,53764849,G,T,FTO,rs4280233,G,0,0.88287011168634,0,0,0,0,0
20,25722462,T,C,ZNF337,rs7260957,C,0,0.876716080804675,0,0,0,0,0
3,94075026,C,A,NSUN3,rs13066686,C,0,0.874296565197754,0,0,0,0,0
1,54735974,C,T,SSBP3.1,rs1537430,T,0,0.850547847366148,0,0,0,0,0
12,57425965,C,T,MYO1A,rs1552245,T,0,0,1.5966839623185,0,0,0,0
20,6623374,T,C,BMP2,rs979012,T,0,0,1.47297421663223,0,0,0,0
5,53272664,G,A,ARL15,rs4865796,A,0,0,1.2950817384541,0,0,0,0
13,111025118,A,G,COL4A2,rs4773173,A,0,0,1.29304673013965,0,0,0,0
3,12287863,C,T,PPARG,rs17036126,T,0,0,1.24656632985334,0,0,0,0
1,171617708,T,G,MYOC,rs6425364,T,0,0,1.20826276022354,0,0,0,0
9,119256146,C,A,ASTN2,rs1861882,A,0,0,1.19460726479678,0,0,0,0
1,219540176,G,T,LYPLAL1,rs4846551,G,0,0,1.19423541503163,0,0,0,0
4,89739808,A,G,FAM13A,rs3775380,G,0,0,1.17091144481683,0,0,0,0
12,56368078,G,A,RAB5B,rs11171710,A,0,0,1.16084422228607,0,0,0,0
12,102898446,G,A,IGF1,rs860598,A,0,0,1.11885111385162,0,0,0,0
15,39446211,A,G,C15orf54,rs275182,A,0,0,1.08169074419266,0,0,0,0
9,16744807,T,C,BNC2,rs10810604,T,0,0,1.07755053375795,0,0,0,0
14,79430595,G,A,NRXN3,rs17108429,G,0,0,1.06971166786739,0,0,0,0
1,234167428,T,C,SLC35F3,rs12729362,C,0,0,1.01781140309137,0,0,0,0
9,95218829,G,T,CENPP,rs8067,G,0,0,0.987213837106198,0,0,0,0
9,136131188,C,T,OBP2B,rs8176749,T,0,0,0.980947600583555,0,0,0,0
1,172346548,G,A,DNM3,rs1011731,G,0,0,0.957709891280166,0,0,0,0
1,219624387,C,T,LYPLAL1.2,rs12034686,T,0,0,0.949842021982142,0,0,0,0
10,65350383,A,G,REEP3,rs10822186,A,0,0,0.936132140312419,0,0,0,0
1,219759733,A,G,SLC30A10,rs3897379,A,0,0,0.932363618947957,0,0,0,0
6,105445364,A,G,LIN28B,rs9377684,G,0,0,0.928274738067113,0,0,0,0
7,55175876,A,G,EGFR,rs7796139,A,0,0,0.911715553839955,0,0,0,0
9,17621918,C,T,SH3GL2,rs3808752,T,0,0,0.909714460109535,0,0,0,0
18,65545054,T,C,DSEL,rs2126015,C,0,0,0.85923814636589,0,0,0,0
11,47572279,G,A,CELF1,rs11039290,A,0,0,0,4.3721482927127,0,0,0
10,114758349,C,T,TCF7L2,rs7903146,C,0,0,0,3.70762946040941,0,0,0
3,123065778,A,G,ADCY5,rs11708067,G,0,0,0,1.76167946436052,0,0,0
6,160770312,A,G,SLC22A3,rs474513,G,0,0,0,1.21687079241139,0,0,0
4,33607379,C,A,ARAP2,rs7655557,C,0,0,0,0.962132923301524,0,0,0
15,61223062,C,A,RORA,rs12594128,A,0,0,0,0.941609102970081,0,0,0
9,4289050,C,A,GLIS3,rs7034200,C,0,0,0,0.932542944761139,0,0,0
12,66351826,T,C,HMGA2,rs1351394,C,0,0,0,0.892664959391876,0,0,0
7,50786663,G,A,GRB10.1,rs2108349,G,0,0,0,0,2.13760025390258,0,0
10,65350383,A,G,REEP3,rs10822186,A,0,0,0,0,1.79481033644369,0,0
10,114758349,C,T,TCF7L2,rs7903146,C,0,0,0,0,1.69483353798917,0,0
1,219596070,C,T,LYPLAL1.1,rs2820455,C,0,0,0,0,1.47199903172034,0,0
1,181848014,A,G,ZNF648,rs535607,G,0,0,0,0,1.46451338481585,0,0
7,50764404,C,T,GRB10,rs2299156,C,0,0,0,0,1.38369782761318,0,0
8,9183596,A,G,RP11-10A14.4,rs4841132,A,0,0,0,0,1.2998196654566,0,0
1,239592178,G,A,CHRM3,rs4557960,G,0,0,0,0,1.26447690096824,0,0
5,172179584,A,G,DUSP1,rs6872156,G,0,0,0,0,1.2354675094189,0,0
9,95218829,G,T,CENPP,rs8067,G,0,0,0,0,1.22590969511934,0,0
21,38243399,C,T,HLCS,rs2835516,T,0,0,0,0,1.20211391826941,0,0
12,124409502,G,A,DNAH10,rs7133378,G,0,0,0,0,1.18797354281566,0,0
18,65545054,T,C,DSEL,rs2126015,C,0,0,0,0,1.14823679743309,0,0
6,43809802,T,C,VEGFA.1,rs9472135,T,0,0,0,0,1.13042372811777,0,0
6,35005084,A,C,ANKS1A,rs13210323,A,0,0,0,0,1.10244987193537,0,0
16,950922,G,A,LMF1,rs4262947,A,0,0,0,0,1.08259704213071,0,0
6,35260530,C,T,ZNF76,rs1557568,T,0,0,0,0,1.00998387046738,0,0
9,82301795,A,G,TLE4.1,rs1316823,A,0,0,0,0,1.00774720636532,0,0
4,157670537,T,C,PDGFC,rs6855363,T,0,0,0,0,0.998019212369644,0,0
3,105502097,A,G,CBLB,rs6780015,A,0,0,0,0,0.985492308175443,0,0
3,171799660,A,G,FNDC3B,rs6809191,G,0,0,0,0,0.953604767609475,0,0
16,14665479,C,T,PARN,rs7200272,C,0,0,0,0,0.935051869057691,0,0
18,60795188,C,T,BCL2,rs4987845,T,0,0,0,0,0.897068259199452,0,0
2,100782273,A,G,AFF3,rs4850924,A,0,0,0,0,0.845324078160219,0,0
12,121438311,C,T,HNF1A,rs1169306,C,0,0,0,0,0,4.75343319811768,0
11,72483880,G,A,ARAP1,rs534668,A,0,0,0,0,0,2.6976467361527,0
10,65350383,A,G,REEP3,rs10822186,A,0,0,0,0,0,1.11408903406032,0
19,33899065,G,A,PEPD,rs731839,G,0,0,0,0,0,1.03578152954824,0
5,55806751,A,G,AC022431.2,rs459193,G,0,0,0,0,0,0.876046605795088,0
22,38545942,T,C,PLA2G6,rs132941,T,0,0,0,0,0,0.848533587729928,0
2,27730940,T,C,GCKR,rs1260326,C,0,0,0,0,0,0,6.240134019958
8,9183596,A,G,RP11-10A14.4,rs4841132,A,0,0,0,0,0,0,1.97721917875409
6,160770312,A,G,SLC22A3,rs474513,G,0,0,0,0,0,0,1.00421196250263
8,9239458,T,G,TNKS,rs6601302,G,0,0,0,0,0,0,0.931217278531947
