SNP,Locus,Allele,beta_cell,proinsulin,obesity,lipodystrophy,liver/lipid
rs10830961,MTNR1B,G,3.806,0,0,0,0
rs7756992,CDKAL1,G,3.049,0,0,0,0
rs4502156,C2CD4A,T,2.682,0,0,0,0
rs1111875,HHEX,C,2.656,0,0,0,0
rs7903146,TCF7L2,T,2.468,0,0,0,0
rs3802177,SLC30A8,G,2.407,0,0,0,0
rs10811661,CDKN2A_B,T,1.766,0,0,0,0
rs11257655,CDC123/CAMK1D,T,1.587,0,0,0,0
rs7965349,OASL,C,1.555,0,0,0,0
rs1371135,AP3S2,T,1.542,0,0,0,0
rs17265513,ZHX3,C,1.369,0,0,0,0
rs1496653,UBE2E2,A,1.350,0,0,0,0
rs1996546,ACSL1,G,1.349,0,0,0,0
rs12899811,PRC1,G,1.262,0,0,0,0
rs8108269,GIPR,G,1.255,0,0,0,0
rs17676067,GLP2R,C,1.216,0,0,0,0
rs5215,KCNJ11,C,1.191,0,0,0,0
rs233449,KCNQ1,G,1.184,0,0,0,0
rs505922,ABO,C,1.169,0,0,0,0
rs516946,ANK1,C,1.121,0,0,0,0
rs10758593,GLIS3,A,1.094,0,0,0,0
rs4430796,HNF1B,G,1.038,0,0,0,0
rs9921586,CTRB2,G,1.005,0,0,0,0
rs2184061,CDKN2A,A,0.971,0,0,0,0
rs2334499,DUSP8,T,0.959,0,0,0,0
rs11708067,ADCY5,A,0.919,0,0,0,0
rs15563,GIP,G,0.883,0,0,0,0
rs4812829,HNF4A,A,0.844,0,0,0,0
rs3736505,HSD17B12,G,0.781,0,0,0,0
rs17791513,TLE4,A,0.776,0,0,0,0
rs1552224,ARAP1,A,0,4.484,0,0,0
rs1359790,SPRY2,G,0,1.073,0,0,0
rs10276674,DGKB,C,0,1.001,0,0,0
rs4402960,IGF2BP2,T,0,0.969,0,0,0
rs11063069,CCND2,G,0,0.812,0,0,0
rs4812829,HNF4A,A,0,0.793,0,0,0
rs11257655,CDC123/CAMK1D,T,0,0.780,0,0,0
rs11075990,FTO,G,0,0,4.963,0,0
rs12970134,MC4R,A,0,0,2.783,0,0
rs10146997,NRXN3,G,0,0,1.715,0,0
rs3736505,HSD17B12,G,0,0,1.240,0,0
rs6742799 ,RBMS1,A,0,0,1.036,0,0
rs2943641,IRS1,C,0,0,0,3.008,0
rs13389219,GRB14,C,0,0,0,2.738,0
rs2881654,PPARG,G,0,0,0,2.107,0
rs2820443,LYPLAL1,T,0,0,0,1.919,0
rs459193,ANKRD55,G,0,0,0,1.799,0
rs2925979,CMIP,T,0,0,0,1.744,0
rs3996352,KLF14,A,0,0,0,1.628,0
rs10503669,LPL,C,0,0,0,1.536,0
rs3843467,ANKRD55,T,0,0,0,1.309,0
rs702634,ARL15,A,0,0,0,1.286,0
rs11708067,ADCY5,A,0,0,0,1.242,0
rs9891146,C17orf58,T,0,0,0,1.078,0
rs3132524,POU5F1,C,0,0,0,1.056,0
rs2296172,MACF1,G,0,0,0,1.031,0
rs4457053,ZBED3,G,0,0,0,0.964,0
rs2276853,KIF9,A,0,0,0,0.956,0
rs6795735,ADAMTS9,C,0,0,0,0.949,0
rs11063069,CCND2,G,0,0,0,0.938,0
rs17106184,FAF1,G,0,0,0,0.812,0
rs1106240,MPHOSPH9,T,0,0,0,0.786,0
rs780094,GCKR,C,0,0,0,0,5.340
rs16996148 ,CILP2,T,0,0,0,0,2.054
rs9271775,HLA-DQA1,T,0,0,0,0,0.976
rs738408,PNPLA3,T,0,0,0,0,0.841
rs7961581,TSPAN8/LGR5,C,0,0,0,0,0.832
