CHROM_n,ea,CHROM,POS_hg19,POS_hg38,RSID,ID_NHS_HPFS,A1,A2,Beta.cell1,Beta.cell2,Proinsulin,Lipoprotein.A,Obesity,Lipodystrophy,Liver.lipid,ALP.negative,Hyper.insulin.secretion,SHBG
1,G,chr1,40028180,39562508,rs4660293,chr1:39562508:A:G,G,A,0,0,0,0,0.983399872,0,0,0,0.892430879,0
1,T,chr1,51362441,50896769,rs12076849,chr1:50896769:C:T,T,C,0,0,0,0,0,0,0,0,0,0
1,A,chr1,117529458,116986836,rs10801922,chr1:116986836:G:A,A,G,-0.896498464,0,0,0,0,0,0,0,0,0
1,T,chr1,120517959,119975336,rs10923931,chr1:119975336:G:T,T,G,0,0,0,0,0,0,0,0,0,0
1,A,chr1,177820861,177851726,rs1359939,chr1:177851726:G:A,A,G,0,0,0,0,0,0,0,0,0,0
1,C,chr1,177894287,177925152,rs506589,chr1:177925152:T:C,C,T,0,0,0,0,1.836259382,0,0,0,0,0
1,A,chr1,205045087,205075959,rs1572993,chr1:205075959:G:A,A,G,0,0,0,0,0,0.852552222,0,0,1.90200383,0
1,A,chr1,206603535,206430185,rs2297539,chr1:206430185:G:A,A,G,0,0,0,0,0,0,0,0,0,0
1,A,chr1,214154985,213981642,rs13376660,chr1:213981642:G:A,A,G,-0.861974865,0,0,0,0,0,0,0,0,0
1,C,chr1,214159256,213985913,rs340874,chr1:213985913:T:C,C,T,0,1.020121642,0,0,0,0,0,0,0,0
1,A,chr1,219749261,219575919,rs2494192,chr1:219575919:G:A,A,G,0,0,0,0,0,-1.566701183,0,0,0,0
1,T,chr1,219750717,219577375,rs4846567,chr1:219577375:G:T,T,G,0,0,0,0,0,-2.384122019,0,0,0,0
1,G,chr1,229565732,229429985,rs499689,chr1:229429985:A:G,G,A,0,0,0,0,0,0,0,0,0,0
1,A,chr1,235693041,235529741,rs291370,chr1:235529741:G:A,A,G,0,0,0,0,0,0,0,0,0,0
2,C,chr2,629244,629244,rs12463617,chr2:629244:A:C,C,A,0,0,0,0,2.288778412,0,0,0,0,0
2,A,chr2,25513652,25290783,rs6739187,chr2:25290783:G:A,A,G,0,0,0,0,0,-1.071189121,0,0,0,0
2,T,chr2,25643221,25420352,rs17802463,chr2:25420352:G:T,T,G,0,0,0,0,0,0,0,0,-1.572605797,0
2,C,chr2,27742603,27519736,rs780093,chr2:27519736:T:C,C,T,0,0,0,0,0,0,6.819628449,1.517862106,0,0
2,A,chr2,43422557,43195418,rs4952672,chr2:43195418:G:A,A,G,0,0,0,0,0,0,0,0,0,0
2,T,chr2,43629931,43402792,rs7607777,chr2:43402792:G:T,T,G,0,-1.304583767,0,0,0,0,0,0,-1.379067011,0
2,G,chr2,58978436,58751301,rs7596101,chr2:58751301:A:G,G,A,0,0,0,0,1.006110785,0,0,0,0,0
2,G,chr2,59335104,59107969,rs7575523,chr2:59107969:T:G,G,T,0,0,0,0,-1.482007814,0,0,0,0,0
2,C,chr2,60585806,60358671,rs243019,chr2:60358671:T:C,C,T,0,0,0,0,0,0,0,0,1.412795731,0
2,G,chr2,65287896,65060762,rs2249105,chr2:65060762:A:G,G,A,0,0,0,0,0,-1.369640958,0,0,0,0
2,T,chr2,65657041,65429907,rs7569113,chr2:65429907:C:T,T,C,0,0,0,0,0,0,0,0,0,0
2,G,chr2,121317747,120560171,rs11677557,chr2:120560171:A:G,G,A,-1.11744778,0,0,0,0,-0.852258242,0,0,0,0
2,C,chr2,147874140,147116572,rs2084674,chr2:147116572:T:C,C,T,0,0,0,0,0,0,0,0,0,0
2,T,chr2,158321735,157465223,rs6714881,chr2:157465223:C:T,T,C,-0.837886692,0,0,0,0,0,0,0,0,0
2,G,chr2,161114552,160258041,rs7583157,chr2:160258041:A:G,G,A,0,0,0,0,0.922068204,0,0,0,0,0
2,T,chr2,165528876,164672366,rs13389219,chr2:164672366:C:T,T,C,0,0,0,0,0,-3.28789853,0,0,0,0
2,T,chr2,165580775,164724265,rs13410987,chr2:164724265:C:T,T,C,0,0,0,0,0,-1.976938079,0,0,0,0
2,A,chr2,226840888,225976172,rs7607124,chr2:225976172:C:A,A,C,0,0,0,0,0,0.867931456,0,0,0,0
2,G,chr2,227101411,226236695,rs2972144,chr2:226236695:A:G,G,A,0,0,0,0,0,3.161525881,0,0,0,0
2,T,chr2,227144141,226279425,rs1515103,chr2:226279425:C:T,T,C,0,0,0,0,0,0,0,0,0,0
3,A,chr3,12112010,12070510,rs598747,chr3:12070510:G:A,A,G,0,0,0,0,0,-1.320800904,0,0,0,0
3,T,chr3,12365308,12323809,rs13083375,chr3:12323809:G:T,T,G,0,0,0,0,0,-1.93355177,0,0,0,0
3,G,chr3,12443844,12402345,rs4135275,chr3:12402345:A:G,G,A,0,0,0,0,0,1.246518177,0,0,0,0
3,A,chr3,23221931,23180440,rs11710420,chr3:23180440:G:A,A,G,0,0,0,0,0,0,0,0,0,0
3,G,chr3,23454790,23413299,rs1496653,chr3:23413299:A:G,G,A,-1.537932816,0,0,0,0,0,0,0,0,0
3,A,chr3,23578594,23537103,rs17013433,chr3:23537103:G:A,A,G,0,0,0,0,0,0,0,0,0,0
3,T,chr3,46995242,46953752,rs10461018,chr3:46953752:C:T,T,C,0,0,0,0,0,-0.940605664,0,0,-1.243605955,0
3,C,chr3,49860854,49823421,rs6446298,chr3:49823421:T:C,C,T,0,0,0,0,1.385035474,0,0,0,0.889563503,0
3,C,chr3,53125922,53091906,rs11242,chr3:53091906:T:C,C,T,0,0,0,0,0,0.832143068,0,0,0,0
3,G,chr3,54823598,54789571,rs1317838,chr3:54789571:A:G,G,A,0,0,0,0,0,0,0,0,0,0
3,C,chr3,63948566,63962890,rs13434089,chr3:63962890:T:C,C,T,0,0,0,0,0,0,0,0,0,0
3,G,chr3,64700425,64714749,rs6772129,chr3:64714749:A:G,G,A,0,0,0,0,0,-1.245875281,0,0,0,0
3,A,chr3,77671721,77622570,rs2272163,chr3:77622570:C:A,A,C,0,0,0,0,0,0,0,0,0,0
3,C,chr3,123094451,123375604,rs2877716,chr3:123375604:T:C,C,T,0,2.244012156,0,0,0,0,0,0,0,0
3,C,chr3,124919777,125200933,rs4679370,chr3:125200933:T:C,C,T,0,0.894694884,0,0,0,0,0,0,0,0
3,T,chr3,129317585,129598742,rs9847824,chr3:129598742:C:T,T,C,0,0,0,0,0,-0.837987245,0,0,0,0
3,C,chr3,138095525,138376683,rs2347252,chr3:138376683:T:C,C,T,0,0,0,0,0,1.02864291,0,0,0,0
3,T,chr3,150083011,150365224,rs2868425,chr3:150365224:C:T,T,C,0,0,0,0,0,0,0,0,0,0
3,G,chr3,152103745,152385956,rs13094115,chr3:152385956:A:G,G,A,0,0,0,0,0,0,0,0,0,0
3,A,chr3,152497886,152780097,rs6765166,chr3:152780097:G:A,A,G,0,0,0,0,0,0,0,0,0,0
3,T,chr3,168225055,168507267,rs1449348,chr3:168507267:C:T,T,C,0,0,-1.157321676,0,0,0,0,0,0,0
3,C,chr3,170610316,170892527,rs6792607,chr3:170892527:A:C,C,A,0,-1.309328909,0,0,0,0,0,0,0,0
3,C,chr3,183725999,184008211,rs4148563,chr3:184008211:T:C,C,T,0,0,0,0,0,0,0,0,0,0
3,C,chr3,185445842,185728054,rs2290066,chr3:185728054:T:C,C,T,0,0,0,0,0,0,0,0,0,0
3,T,chr3,185505787,185787999,rs4481184,chr3:185787999:C:T,T,C,0,0,1.183573878,0,0,0,0,0,0,0
3,T,chr3,186665645,186947857,rs3887925,chr3:186947857:C:T,T,C,2.076042568,0,0,0,0,0,0,0,0,0
3,A,chr3,187751389,188033601,rs6767001,chr3:188033601:G:A,A,G,0,0,0,0,0,0,0,0,0,0
4,T,chr4,744972,751184,rs1531583,chr4:751184:G:T,T,G,1.40736168,0,0,0,0,0,0,0,0,0
4,A,chr4,6256629,6254902,rs4361456,chr4:6254902:G:A,A,G,0,0,0,0,0,0,0,0,0,0
4,T,chr4,6295565,6293838,rs6446480,chr4:6293838:C:T,T,C,0,0,0.849800895,0,0,0,0,0,0,0
4,C,chr4,17811914,17810291,rs7667864,chr4:17810291:A:C,C,A,0,0,0,0,0,0.951726418,0,0,0,0
4,T,chr4,45175691,45173674,rs13130484,chr4:45173674:C:T,T,C,0,0,0,0,1.983140837,0,0,0,0,0
4,C,chr4,52810307,51944141,rs6829655,chr4:51944141:T:C,C,T,0,0,0,0,0,0,0,0,1.510057402,0
4,G,chr4,83584496,82663343,rs993380,chr4:82663343:A:G,G,A,0,0,0,0,0,0,0,0,0,0
4,A,chr4,89740128,88818977,rs13133548,chr4:88818977:G:A,A,G,0,0,0,0,0,1.679982262,0,0,0,0
4,T,chr4,89751858,88830707,rs7660000,chr4:88830707:C:T,T,C,0,0,0,0,0,-1.090549799,0,0,0,0
4,A,chr4,95093855,94172704,rs7678054,chr4:94172704:G:A,A,G,0,0,0,0,0,0,0,0,0,0
4,C,chr4,104129786,103208629,rs6854709,chr4:103208629:T:C,C,T,0,0,0,0,0,0,0,0,-1.064780792,0
4,C,chr4,137083193,136162038,rs1296328,chr4:136162038:A:C,C,A,0,0,0,0,0,0,0,0,0,0
4,A,chr4,153520279,152599127,rs10011838,chr4:152599127:G:A,A,G,0,0,0,0,0,0,0,0,0,0
4,T,chr4,157680199,156759047,rs12641088,chr4:156759047:C:T,T,C,0,0,0,0,0,-1.468554811,0,0,0,0
4,C,chr4,185716232,184795078,rs735949,chr4:184795078:T:C,C,T,0,-1.431290847,0,0,0,0,0,0,0,0
5,A,chr5,14847628,14847519,rs2270561,chr5:14847519:G:A,A,G,0,0,0,0,0,0,0,0,0,0
5,C,chr5,44683819,44683717,rs12187196,chr5:44683717:A:C,C,A,0,0,0,0,0,0,0,0,0,0
5,T,chr5,52118488,52822654,rs17211038,chr5:52822654:C:T,T,C,0,0,0,0,0,0,0,0,0,0
5,C,chr5,53303595,54007765,rs6876198,chr5:54007765:T:C,C,T,0,0,0,0,0,1.459321607,0,0,0,0
5,G,chr5,53452060,54156230,rs151804,chr5:54156230:A:G,G,A,0,0,0,0,0,0,0,0,0,0
5,G,chr5,55806751,56510924,rs459193,chr5:56510924:A:G,G,A,0,0,0,0,0,1.732502716,0,0,0,0
5,T,chr5,55861786,56565959,rs9686661,chr5:56565959:C:T,T,C,0,0,0,0,0,2.027350631,0,0,0,0
5,A,chr5,67726055,68430228,rs1469398,chr5:68430228:G:A,A,G,0,0,0,0,0,0.911697546,0,0,0,0
5,C,chr5,75003678,75707853,rs2307111,chr5:75707853:T:C,C,T,0,0,0,0,-1.411471994,0,0,0,0,0
5,A,chr5,76424949,77129124,rs4457053,chr5:77129124:G:A,A,G,0,-0.907718505,0,0,0,0,0,0,0,0
5,C,chr5,78431486,79135663,rs955897,chr5:79135663:A:C,C,A,0,0,0,0,-0.879141233,0,0,0,0,0
5,T,chr5,101595558,102259854,rs370176,chr5:102259854:C:T,T,C,-0.85193093,0,0,0,0,0,0,0,0,0
5,T,chr5,102100576,102764872,rs7729395,chr5:102764872:C:T,T,C,1.177556244,0,0,0,0,0,0,0,0,0
5,A,chr5,102305065,102969361,rs17154889,chr5:102969361:C:A,A,C,0,0,0,0,0,0,0,0,0,0
5,G,chr5,133865452,134529762,rs329124,chr5:134529762:A:G,G,A,0,0,0,0,0,0,0,0,1.205439815,0
5,G,chr5,157934530,158507522,rs2963449,chr5:158507522:A:G,G,A,1.064207325,0,0,0,0,0,0,0,0,0
6,A,chr6,7037738,7037505,rs10458103,chr6:7037505:G:A,A,G,0,0,0,0,0,0,0,0,-0.937211546,0
6,A,chr6,7231843,7231610,rs9379084,chr6:7231610:G:A,A,G,-0.846462172,-0.836800044,0,0,0,0,0,0,0,0
6,C,chr6,7232186,7231953,rs9505086,chr6:7231953:T:C,C,T,0,0,0,0,0,0,0,0,0,0
6,A,chr6,20488234,20488003,rs2328524,chr6:20488003:G:A,A,G,0,0,0,0,0,0,0,0,0,0
6,A,chr6,20686996,20686765,rs9368222,chr6:20686765:C:A,A,C,3.139105053,0.854391479,0,0,0,0,0,0,0,0
6,T,chr6,20728513,20728282,rs6928012,chr6:20728282:C:T,T,C,0,0,0,0,0,0,0,0,0,0
6,G,chr6,20775660,20775429,rs4493738,chr6:20775429:A:G,G,A,1.85326181,0,0,0,0,0,0,0,0,0
6,T,chr6,21027761,21027530,rs12209877,chr6:21027530:G:T,T,G,-2.024107322,0,0,0,0,0,0,0,0,0
6,A,chr6,31108607,31140830,rs1265089,chr6:31140830:G:A,A,G,0,0,0,0,0,0,0,0,0,0
6,T,chr6,31467365,31499588,rs2855804,chr6:31499588:C:T,T,C,0,0,0,0,0,0,0,0,1.566683479,0
6,C,chr6,31542308,31574531,rs1799964,chr6:31574531:T:C,C,T,0,0,0,0,0,0,0,0,1.220890538,0
6,C,chr6,31845985,31878208,rs9267658,chr6:31878208:T:C,C,T,0,0,0,0,0,0,0,0,0.863346915,0
6,G,chr6,32189841,32222064,rs715299,chr6:32222064:T:G,G,T,0,0,0,0,0,0,1.276486483,0,1.047694182,0
6,A,chr6,32626272,32658495,rs9273363,chr6:32658495:C:A,A,C,0,0,0,0,0,0,1.205377241,0,0,0
6,A,chr6,43757896,43790159,rs998584,chr6:43790159:C:A,A,C,1.73780126,0,0,0,0,2.789709569,0,0,0,0
6,A,chr6,43814625,43846888,rs10456526,chr6:43846888:G:A,A,G,0.866316662,0,0,0,0,0,0,0,0,0
6,G,chr6,50803050,50835337,rs987237,chr6:50835337:A:G,G,A,0,0,0,0,1.674304655,0,0,0,0,0
6,G,chr6,126964510,126643364,rs4273712,chr6:126643364:A:G,G,A,0,0,0,0,0,0,0,0,0,0
6,G,chr6,127414838,127093693,rs719727,chr6:127093693:A:G,G,A,0,0,0,0,0,0,0,0,0,0
6,G,chr6,137300960,136979823,rs9494624,chr6:136979823:A:G,G,A,0,0,0,0,0,0,0,0,0,0
6,G,chr6,139834012,139512875,rs632057,chr6:139512875:T:G,G,T,0,0,0,0,0,-1.769304438,0,0,0,0
6,A,chr6,160774486,160353454,rs487152,chr6:160353454:C:A,A,C,0,0,0,-7.534737344,0,0,0,0,0,0
6,G,chr6,164107529,163686497,rs17630640,chr6:163686497:A:G,G,A,0,0,0,0,0,-1.510431935,0,0,0,0
7,C,chr7,7250753,7211122,rs11765592,chr7:7211122:T:C,C,T,0,0,0,0,0,0,0,0,0,0
7,C,chr7,14922007,14882382,rs10276674,chr7:14882382:T:C,C,T,0,0,1.0501271,0,0,0,0,0,0,0
7,G,chr7,15063833,15024208,rs10244051,chr7:15024208:T:G,G,T,0,1.843517873,0,0,0,0,0,0,0,0
7,C,chr7,27978715,27939096,rs6948511,chr7:27939096:T:C,C,T,0,0,0,0,0,0,0,0,0,0
7,T,chr7,28192280,28152661,rs849133,chr7:28152661:C:T,T,C,0,0,0,0,0,0,0,0,0,0
7,C,chr7,30716643,30677027,rs2267716,chr7:30677027:T:C,C,T,-1.551359097,0,0,0,0,0,0,0,0,0
7,T,chr7,44231778,44192179,rs2971669,chr7:44192179:C:T,T,C,1.156383565,2.156108193,1.067767901,0,0,0,0,0,0,0
7,C,chr7,102486254,102845807,rs11496066,chr7:102845807:T:C,C,T,-0.904943049,0,0,0,0,0,0,0,0,0
7,T,chr7,103444978,103804531,rs39328,chr7:103804531:C:T,T,C,0,0,0,0,0,0,0,0,0,0
7,A,chr7,117495667,117855613,rs6976111,chr7:117855613:C:A,A,C,0,0,0,0,0,0,0,0,0,0
7,C,chr7,130435181,130750422,rs287621,chr7:130750422:T:C,C,T,0,0,0,0,0,-1.676444953,0,0,0,0
7,T,chr7,150542515,150845427,rs6977081,chr7:150845427:G:T,T,G,0,0,0,0,0,0.839330058,0,0,0,0
7,T,chr7,156974127,157181433,rs2301916,chr7:157181433:G:T,T,G,-0.974573482,0,0,0,0,0,0,0,0,0
8,A,chr8,9050725,9193215,rs3102078,chr8:9193215:C:A,A,C,0,0,0,0,0,0,0,0,-0.924342757,0
8,G,chr8,9183358,9325848,rs9987289,chr8:9325848:A:G,G,A,0,0,0,0,0,0,-1.967852124,0,-2.81242689,0
8,C,chr8,9265105,9407595,rs17662402,chr8:9407595:T:C,C,T,0,0,0,0,0,0,0,0,0,0
8,A,chr8,9974824,10117314,rs17689007,chr8:10117314:G:A,A,G,0,0,0,0,-0.954706844,0,0,0,0,0
8,T,chr8,19830921,19973410,rs10096633,chr8:19973410:C:T,T,C,0,0,0,0,0,-2.673212752,0,0,0,0
8,G,chr8,30856943,30999427,rs4733067,chr8:30999427:A:G,G,A,0,0,0,0,-0.98945577,0,0,0,0,0
8,G,chr8,41462898,41605379,rs2354575,chr8:41605379:A:G,G,A,0,0,0,0,0,0,0,0,0,0
8,A,chr8,41472375,41614856,rs11995712,chr8:41614856:G:A,A,G,0,0,1.02555439,0,0,0,0,0,0,0
8,A,chr8,41514888,41657369,rs12544241,chr8:41657369:G:A,A,G,2.33156725,0,0,0,0,0,0,0,0,0
8,C,chr8,41517064,41659545,rs16890723,chr8:41659545:T:C,C,T,1.183980652,0,0,0,0,0,0,0,0,0
8,G,chr8,95749023,94736795,rs9297945,chr8:94736795:A:G,G,A,0,0,0,0,0,0,0,0,0,0
8,A,chr8,95965685,94953457,rs13255935,chr8:94953457:C:A,A,C,0,0,0,0,0,0,0,0,-1.046950912,0
8,T,chr8,110122139,109109910,rs4129682,chr8:109109910:C:T,T,C,0,0,0,0,0,0,0,0,0,0
8,A,chr8,118185025,117172786,rs3802177,chr8:117172786:G:A,A,G,-1.939568624,-3.098649844,0,0,0,0,0,0,0,0
8,T,chr8,129568078,128555832,rs1561927,chr8:128555832:C:T,T,C,0,0,-0.855548109,0,0,0,0,0,0,0
8,C,chr8,145509128,144285362,rs7828303,chr8:144285362:T:C,C,T,0,0,0,0,0,0,0,0,-1.362269916,0
8,C,chr8,145639726,144414342,rs2272662,chr8:144414342:T:C,C,T,0,0,0,0,0,0,0,0.975052509,0,0
8,A,chr8,145903077,144677692,rs997258,chr8:144677692:C:A,A,C,0,0,0,0,0,0,0,0,0,0
9,A,chr9,4292083,4292083,rs10758593,chr9:4292083:G:A,A,G,0,1.454850721,0,0,0,0,0,0,0,0
9,C,chr9,19065295,19065297,rs7467618,chr9:19065297:T:C,C,T,1.712698775,0,0,0,0,0,0,0,0,0
9,C,chr9,20241069,20241071,rs7867635,chr9:20241071:T:C,C,T,0,0,0,0,0,0,0,0,0,0
9,G,chr9,22019129,22019130,rs523096,chr9:22019130:A:G,G,A,-1.433418581,0,0,0,0,0,0,0,0,0
9,A,chr9,22054356,22054357,rs17694572,chr9:22054357:G:A,A,G,0,0,0,0,0,0,0,0,0,0
9,A,chr9,22128600,22128601,rs10811658,chr9:22128601:G:A,A,G,0,0,0,0,0,0,0,0,0,0
9,C,chr9,22134094,22134095,rs10811661,chr9:22134095:T:C,C,T,-1.765405219,0,0,0,0,0,0,0,0,0
9,C,chr9,28410683,28410685,rs1412234,chr9:28410685:T:C,C,T,0,0,0,0,1.504914678,0,0,0,0,0
9,A,chr9,81344701,78729785,rs1929883,chr9:78729785:G:A,A,G,0,0,0,0,0,0,0,0,0,0
9,G,chr9,81905590,79290675,rs17791513,chr9:79290675:A:G,G,A,0,0,0,0,0,0,0,0,0,0
9,A,chr9,84308948,81694033,rs2796441,chr9:81694033:G:A,A,G,0,0,0,0,0,0,0,0,0,0
9,A,chr9,96970197,94207915,rs7872931,chr9:94207915:G:A,A,G,0,0,0,0,0,0,0,0,0,0
9,A,chr9,139256766,136362314,rs3829109,chr9:136362314:G:A,A,G,-1.105049988,0,0,0,0,0,0,0,0,0
9,G,chr9,139285655,136391203,rs11145846,chr9:136391203:A:G,G,A,0.91427263,0,0,0,0,0,0,0,0,0
10,C,chr10,12250620,12208621,rs7895525,chr10:12208621:T:C,C,T,0,0,0.912818601,0,0,0,0,0,0,0
10,G,chr10,12314997,12272998,rs10906115,chr10:12272998:A:G,G,A,0,0,0,0,0,0,0,0,0,0
10,A,chr10,71317835,69558079,rs2616055,chr10:69558079:G:A,A,G,0,0,0,0,0,0,0,0,0,0
10,G,chr10,71321279,69561523,rs177045,chr10:69561523:A:G,G,A,0,0,0.887682343,0,0,0,0,0,0,0
10,C,chr10,71452285,69692529,rs2812533,chr10:69692529:T:C,C,T,-1.119202436,0,0,0,0,0,0,0,0,0
10,G,chr10,71466578,69706822,rs2642588,chr10:69706822:T:G,G,T,0,0,0,0,0,0,0,0,0,0
10,C,chr10,80947438,79187681,rs697239,chr10:79187681:T:C,C,T,0,0,0,0,0,0,0,0,0,0
10,C,chr10,80959517,79199760,rs10509406,chr10:79199760:T:C,C,T,0,0,0,0,0,0,0,0,0,0
10,T,chr10,89769340,88009583,rs11202627,chr10:88009583:C:T,T,C,0,0.906517221,0,0,0,0,0,0,0,0
10,T,chr10,93945476,92185719,rs7094274,chr10:92185719:C:T,T,C,1.441429276,0,0,0,0,0,0,0,0,0
10,T,chr10,94179028,92419271,rs2209972,chr10:92419271:C:T,T,C,-1.112716379,0,0,0,0,0,0,0,0,0
10,T,chr10,94465559,92705802,rs5015480,chr10:92705802:C:T,T,C,-2.880154763,0,0,0,0,0,0,0,0,0
10,C,chr10,114598202,112838443,rs17746088,chr10:112838443:T:C,C,T,0,0,0,0,0,0,0,0,0,0
10,A,chr10,114613439,112853680,rs11815670,chr10:112853680:G:A,A,G,0,0,0,0,0,0,0,0,0,0
10,C,chr10,114635381,112875622,rs1927157,chr10:112875622:T:C,C,T,0,0.840520594,0,0,0,0,0,0,0,0
10,A,chr10,114648499,112888740,rs1885283,chr10:112888740:C:A,A,C,0,1.109594126,0,0,0,0,0,0,0,0
10,A,chr10,114745788,112986029,rs7079711,chr10:112986029:G:A,A,G,-1.047852801,-1.044784999,0,0,0,0,0,0,0,0
10,C,chr10,114752503,112992744,rs17747324,chr10:112992744:T:C,C,T,0.897544962,4.035483933,0,0,0,0,0,0,0,0
10,A,chr10,114759445,112999686,rs11196187,chr10:112999686:G:A,A,G,1.45885039,1.514968569,0,0,0,0,0,0,0,0
10,A,chr10,114772429,113012670,rs12354626,chr10:113012670:G:A,A,G,0,-0.845301289,0,0,0,0,0,0,0,0
10,G,chr10,114823426,113063667,rs7087006,chr10:113063667:A:G,G,A,0,1.85237172,0,0,0,0,0,0,0,0
10,A,chr10,114824473,113064714,rs10885410,chr10:113064714:G:A,A,G,-0.853111469,-1.069016529,0,0,0,0,0,0,0,0
10,G,chr10,114859251,113099492,rs6585206,chr10:113099492:A:G,G,A,0,0,0,0,0,0,0,0,0,0
10,G,chr10,114861304,113101545,rs10885414,chr10:113101545:A:G,G,A,0,-1.141148754,0,0,0,0,0,0,0,0
10,C,chr10,114880342,113120583,rs4918796,chr10:113120583:T:C,C,T,0,0,0,0,0,0,0,0,0,0
10,T,chr10,114915214,113155455,rs290483,chr10:113155455:G:T,T,G,0,0,0,0,0,0,0,0,0,0
10,T,chr10,124139393,122379877,rs11200594,chr10:122379877:C:T,T,C,-1.048521546,0,0,0,0,0,0,0,0,0
11,A,chr11,2101283,2080053,rs11600952,chr11:2080053:G:A,A,G,1.469569316,0,0,0,0,0,0,0,0,0
11,T,chr11,2213166,2191936,rs7111341,chr11:2191936:C:T,T,C,0,0,0,0,0,0,0,0,0,0
11,T,chr11,2672821,2651591,rs231349,chr11:2651591:C:T,T,C,0,0,0,0,0,0,0,0,0,0
11,G,chr11,2691471,2670241,rs231362,chr11:2670241:A:G,G,A,0,0,0,0,0,0,0,0,0,0
11,C,chr11,2755601,2734371,rs2283222,chr11:2734371:T:C,C,T,0,0,-0.937322292,0,0,0,0,0,0,0
11,T,chr11,2825279,2804049,rs2074197,chr11:2804049:C:T,T,C,0,0,0,0,0,0,0,0,0,0
11,C,chr11,2838413,2817183,rs163177,chr11:2817183:T:C,C,T,1.137762067,0,0,0,0,0,0,0,0,0
11,A,chr11,17418477,17396930,rs757110,chr11:17396930:C:A,A,C,-0.980685856,0,-0.852557829,0,0,0,0,0,0,0
11,A,chr11,28534898,28513351,rs4923543,chr11:28513351:G:A,A,G,0,0,1.049679987,0,0,0,0,0,0,0
11,C,chr11,34997562,34976015,rs504034,chr11:34976015:T:C,C,T,0,0,0,0,0,0,0,0,0,0
11,A,chr11,43877934,43856384,rs1061810,chr11:43856384:C:A,A,C,1.26231893,0,0,0,1.17896424,0,0,0,0,0
11,A,chr11,45839889,45818338,rs12805422,chr11:45818338:G:A,A,G,-1.999068669,0,0,0,0,0,0,0,0,0
11,A,chr11,47529947,47508395,rs7124681,chr11:47508395:C:A,A,C,0,1.392355027,0,0,1.653642323,0,0,0,0,0
11,T,chr11,65172197,65404726,rs694243,chr11:65404726:C:T,T,C,0,0,0,0,0,0,0,0,0,0
11,A,chr11,65302893,65535422,rs947791,chr11:65535422:G:A,A,G,0,0,0,0,0,0,0,0,1.409429093,0
11,A,chr11,65560785,65793314,rs3814707,chr11:65793314:G:A,A,G,0,0,0,0,0,-1.092901683,0,0,0,0
11,A,chr11,69463273,69648505,rs3918298,chr11:69648505:G:A,A,G,0,0,0,0,0,0,0,0,0,0
11,A,chr11,72432985,72721940,rs11603334,chr11:72721940:G:A,A,G,0,0,-5.644396021,0,0,0,0,0,0,0
11,C,chr11,72499035,72787990,rs663015,chr11:72787990:T:C,C,T,0,0,3.802667873,0,0,0,0,0,0,0
11,T,chr11,92673828,92940662,rs1387153,chr11:92940662:C:T,T,C,4.573762407,1.695571215,0,0,0,0,0,0,0,0
11,A,chr11,92756551,93023385,rs9971402,chr11:93023385:C:A,A,C,1.296774667,0,0,0,0,0,0,0,0,0
11,G,chr11,93014343,93281177,rs1900385,chr11:93281177:T:G,G,T,0,0,0,0,0,0,0,0,0,0
11,C,chr11,128042575,128172680,rs10893829,chr11:128172680:T:C,C,T,0,0,0,0,0,0,0,0,0,0
11,G,chr11,128234144,128364249,rs10750397,chr11:128364249:A:G,G,A,0,0,0,0,0,0,0,0,0,0
11,T,chr11,128389391,128519496,rs11819995,chr11:128519496:C:T,T,C,0,0,0,0,0,0,0,0,0,0
12,A,chr12,4297831,4188665,rs7963651,chr12:4188665:C:A,A,C,0,0,0,0,0,0,0,0,0,0
12,G,chr12,4374373,4265207,rs11063069,chr12:4265207:A:G,G,A,0,0,1.05656078,0,0,0,0,0,0,0
12,G,chr12,4386064,4276898,rs3217795,chr12:4276898:A:G,G,A,0,0,0,0,0,0,0,0,0,0
12,G,chr12,4399087,4289921,rs3217862,chr12:4289921:T:G,G,T,0,0,0,0,0,0,0,0,0,0
12,G,chr12,4406281,4297115,rs12299509,chr12:4297115:A:G,G,A,0,0,0,0,0,0,0,0,0,0
12,T,chr12,26398707,26245774,rs2343872,chr12:26245774:C:T,T,C,0,0,0,0,0,0,0,0,0,0
12,G,chr12,26457190,26304257,rs1872992,chr12:26304257:A:G,G,A,0,0,0,0,0,1.505675591,0,0,0,0
12,A,chr12,27959998,27807065,rs10492373,chr12:27807065:G:A,A,G,0,0,0,0,0,0,0,0,0,0
12,T,chr12,66209646,65815866,rs2612075,chr12:65815866:C:T,T,C,0,0,0,0,0,0,0,0,0,0
12,T,chr12,66358347,65964567,rs1042725,chr12:65964567:C:T,T,C,0,0,0,0,0,0.929708818,0,0,0,0
12,C,chr12,71523134,71129354,rs1051334,chr12:71129354:A:C,C,A,0.960205989,0,0,0,0,0,0,0,0,0
12,T,chr12,95928560,95534784,rs2197973,chr12:95534784:C:T,T,C,0,0,0,0,0,0,0,0,0,0
12,T,chr12,97847018,97453240,rs1592519,chr12:97453240:C:T,T,C,0,0,0,0,0,0,0,0,0,0
12,T,chr12,108618630,108224853,rs3764002,chr12:108224853:C:T,T,C,-1.899871509,0,0,0,0,0,0,0,0,0
12,C,chr12,121236160,120798357,rs550349,chr12:120798357:A:C,C,A,1.526315424,0,0,0,0,0,1.129591104,0,0,0
12,A,chr12,121297815,120860012,rs11065299,chr12:120860012:G:A,A,G,0.961170462,0,0,0,0,0,0.862462142,0,0,0
12,G,chr12,121432302,120994499,rs1169302,chr12:120994499:T:G,G,T,1.189467656,0,0,0,0,0,2.124353436,0,0,0
12,T,chr12,121541831,121104028,rs7298521,chr12:121104028:C:T,T,C,0,0,0,0,0,0,0,0,0,0
12,A,chr12,121602760,121164957,rs208302,chr12:121164957:G:A,A,G,0,0,0,0,0,0,0,0,0,0
12,C,chr12,123820397,123335850,rs11057276,chr12:123335850:T:C,C,T,0,0,0,0,0,0,0,0,0,0
12,T,chr12,124470059,123985512,rs11837287,chr12:123985512:C:T,T,C,0,0,0,0,0,-2.244423971,0,0,-1.23423317,0
12,T,chr12,124505444,124020897,rs863750,chr12:124020897:C:T,T,C,0,0,0,0,0,2.095401288,0,0,0.925334921,0
12,A,chr12,133069134,132492548,rs1882297,chr12:132492548:G:A,A,G,0.841104579,0,0,0,0,0,0,0,0,0
13,A,chr13,26781528,26207391,rs10507349,chr13:26207391:G:A,A,G,0,0,0,0,0,0,0,0,0,0
13,T,chr13,31033232,30459095,rs1045411,chr13:30459095:C:T,T,C,0,0,0,0,0,0,0,0,0,0
13,A,chr13,33554302,32980164,rs576674,chr13:32980164:G:A,A,G,-1.200505888,0,0,0,0,0,0,0,0,0
13,G,chr13,51094114,50519978,rs9316500,chr13:50519978:T:G,G,T,0,0,0,0,0,0,0,0,0,0
13,C,chr13,58988271,58414137,rs7988007,chr13:58414137:A:C,C,A,0,0,0,0,0,0,0,0,-1.347861988,0
13,A,chr13,80717156,80143021,rs1359790,chr13:80143021:G:A,A,G,0,0,-0.924915806,0,0,0,0,0,-0.859770528,0
13,T,chr13,109944192,109291844,rs9555581,chr13:109291844:C:T,T,C,0,0,0,0,0,0,0,0,0,0
14,G,chr14,33303298,32834092,rs7145828,chr14:32834092:A:G,G,A,0,0,0,0,0.932437214,0,0,0,0,0
14,T,chr14,38848419,38379215,rs8017808,chr14:38379215:G:T,T,G,0,0,0,0,0,0,0,0,0,0
14,C,chr14,79936964,79470621,rs10150332,chr14:79470621:T:C,C,T,0,0,0,0,1.469847488,0,0,0,0,0
14,A,chr14,91883499,91417155,rs1742546,chr14:91417155:G:A,A,G,0,0,0,0,0,0,0,0,0,0
14,A,chr14,103888324,103421987,rs1028613,chr14:103421987:G:A,A,G,0,0,0,0,-0.886123702,0,0,0,0,0
15,C,chr15,38834033,38541832,rs8032939,chr15:38541832:T:C,C,T,0,0,0,0,0,0,0,0,0,0
15,G,chr15,40387971,40095770,rs11637681,chr15:40095770:A:G,G,A,0,0,0,0,0,0.890969504,0,0,0,0
15,T,chr15,41801512,41509314,rs2289739,chr15:41509314:G:T,T,G,0,0,0,0,0,0,0,0,0,0
15,T,chr15,53091553,52799356,rs2456530,chr15:52799356:C:T,T,C,0,0,0,0,0,0,0,0,1.197914205,0
15,A,chr15,57535215,57243017,rs12440878,chr15:57243017:G:A,A,G,0,0,0,0,0,0,0,0,0,0
15,T,chr15,62391608,62099409,rs7163757,chr15:62099409:C:T,T,C,-2.732252492,-1.679497161,0,0,0,0,0,0,0,0
15,T,chr15,63871292,63579093,rs7178762,chr15:63579093:C:T,T,C,0,0,0,0,0,0,0,0,0,0
15,G,chr15,75928192,75635851,rs7166281,chr15:75635851:T:G,G,T,0,0,0,0,0,0,0,0,0,0
15,T,chr15,77307910,77015569,rs4886508,chr15:77015569:C:T,T,C,0,0,0,0,0,0,0,0,1.506243322,0
15,A,chr15,77818128,77525786,rs1005752,chr15:77525786:C:A,A,C,0,0,0,0,0,0,0,0,0,0
15,T,chr15,90449476,89906244,rs17242083,chr15:89906244:C:T,T,C,-1.235320095,0,0,0,0,0,0,0,0,0
15,A,chr15,91512067,90968837,rs2290203,chr15:90968837:G:A,A,G,1.283629589,0,0,0,0,0,0,0,0,0
16,C,chr16,293562,243563,rs11248914,chr16:243563:T:C,C,T,-1.141718374,0,0,0,0,0,0,0,0,0
16,T,chr16,3613126,3563125,rs12445430,chr16:3563125:C:T,T,C,0,0,0,0,0,0,0,0,0,0
16,C,chr16,28913787,28902466,rs7189927,chr16:28902466:T:C,C,T,0,0,0,0,-1.922729578,0,0,0,-0.886831328,0
16,C,chr16,30033633,30022312,rs12325539,chr16:30022312:T:C,C,T,0,0,0,0,1.095624544,0,0,0,0,0
16,A,chr16,53544993,53511081,rs3095571,chr16:53511081:G:A,A,G,-0.894018509,0,0,0,0,0,0,0,0,0
16,C,chr16,53800954,53767042,rs1421085,chr16:53767042:T:C,C,T,0,0,0,0,4.408422409,0,0,0,0,0
16,C,chr16,53843533,53809621,rs6499646,chr16:53809621:T:C,C,T,0,0,0,0,-0.892653795,0,0,0,0,0
16,A,chr16,53844579,53810667,rs17218700,chr16:53810667:G:A,A,G,0,0,0,0,-0.984086782,0,0,0,0,0
16,C,chr16,53877592,53843680,rs6499653,chr16:53843680:T:C,C,T,0,0,0,0,-1.299831813,0,0,0,0,0
16,T,chr16,69556715,69522812,rs889398,chr16:69522812:C:T,T,C,0,0,0,0,-1.263098732,0,0,0,0,0
16,G,chr16,75247391,75213493,rs7202844,chr16:75213493:A:G,G,A,-1.408496866,0,0,0,0,0,0,0,0,0
16,C,chr16,81534790,81501185,rs2925979,chr16:81501185:T:C,C,T,0,0,0,0,0,-2.083178898,0,0,0,0
16,A,chr16,81541587,81507982,rs8063007,chr16:81507982:C:A,A,C,0,0,0,0,0,0,0,0,0,0
17,T,chr17,3840055,3936761,rs12453022,chr17:3936761:C:T,T,C,0,0,1.011757232,0,0,0,0,0,0,0
17,C,chr17,4066657,4163363,rs4790581,chr17:4163363:T:C,C,T,0,0,0,0,0,0,0,0,-0.925949127,0
17,C,chr17,7537792,7634474,rs727428,chr17:7634474:T:C,C,T,0,0,0,0,0,0,0,0,0,-7.139493795
17,A,chr17,9787958,9884641,rs7219033,chr17:9884641:G:A,A,G,1.817637027,0,0,0,0,0,0,0,0,0
17,G,chr17,17661802,17758488,rs4925109,chr17:17758488:A:G,G,A,0,0,0,0,0,-1.206796882,0,0,0,0
17,C,chr17,17726469,17823155,rs1108511,chr17:17823155:T:C,C,T,0,0,0,0,0,0,0,0,-0.972892477,0
17,A,chr17,36047417,37687414,rs3110641,chr17:37687414:G:A,A,G,0,0,0,0,0,0,0,0,0,0
17,A,chr17,36063685,37703678,rs2189301,chr17:37703678:G:A,A,G,0,0,0,0,0,0,0,0,0,0
17,G,chr17,36098987,37738996,rs4239217,chr17:37738996:A:G,G,A,1.06386367,0,0,0,0,0,0,0,0,0
17,A,chr17,40720632,42568614,rs646123,chr17:42568614:G:A,A,G,0,0,0,0,0,0.932616816,0,0,0,0
17,T,chr17,47091420,49014058,rs9906944,chr17:49014058:C:T,T,C,0,0,0,0,-1.007636689,0,0,0,0,0
17,G,chr17,65957568,67961452,rs9899520,chr17:67961452:A:G,G,A,0,0,0,0,-0.869391711,-0.90559801,0,0,0,0
18,C,chr18,7070642,7070643,rs7240767,chr18:7070643:T:C,C,T,0,0,0,0,0,0,0,0,0,0
18,A,chr18,36313311,38733347,rs7505951,chr18:38733347:G:A,A,G,0,0,0,0,0,0,0,0,0,0
18,C,chr18,53048885,55381654,rs17594301,chr18:55381654:T:C,C,T,0,0,0,0,0,0,0,0,0.837515787,0
18,A,chr18,54667564,57000333,rs2118195,chr18:57000333:G:A,A,G,0,0,0,0,0,0,0,0,0,0
18,A,chr18,56876228,59208996,rs9957145,chr18:59208996:G:A,A,G,0,0,0,0,-0.960434427,0,0,0,0,0
18,C,chr18,57848531,60181298,rs2168711,chr18:60181298:T:C,C,T,0,0,0,0,2.562031897,0,0,0,0,0
18,A,chr18,57969244,60302011,rs9675376,chr18:60302011:G:A,A,G,0,0,0,0,1.942306491,0,0,0,0,0
18,T,chr18,58052665,60385432,rs9947450,chr18:60385432:C:T,T,C,0,0,0,0,-1.233461451,0,0,0,0,0
18,C,chr18,60845884,63178651,rs12454712,chr18:63178651:T:C,C,T,0,0,0,0,0,-1.989992992,0,0,0,0
19,G,chr19,7235146,7235135,rs17175860,chr19:7235135:A:G,G,A,0,0,0,0,0,1.012663083,0,0,0,0
19,G,chr19,7970635,7905750,rs4804833,chr19:7905750:A:G,G,A,0,0,0,0,0,0,0,0,-1.444183081,0
19,T,chr19,13054781,12943967,rs1049481,chr19:12943967:G:T,T,G,0,0,0,0,0,0,0,0,0,0
19,C,chr19,19407718,19296909,rs10401969,chr19:19296909:T:C,C,T,0,0,0,0,0,1.072552755,1.197073749,1.633701363,0,0
19,G,chr19,33918423,33427517,rs11667352,chr19:33427517:A:G,G,A,0,0,0,0,0,-1.27934573,0,0,0,0
19,T,chr19,33938800,33447894,rs7258937,chr19:33447894:C:T,T,C,0,0,0,0,0,-1.205255297,0,0,0,0
19,G,chr19,45395619,44892362,rs2075650,chr19:44892362:A:G,G,A,0,0,0,0,-3.472830731,0,-1.410861136,0,0,0
19,C,chr19,46157004,45653746,rs10408179,chr19:45653746:T:C,C,T,-1.477093001,0,0,0,0,0,0,0,0,0
19,A,chr19,46172278,45669020,rs11671664,chr19:45669020:G:A,A,G,1.54204149,0.945364704,0,0,0,0,0,0,0,0
19,G,chr19,46191021,45687763,rs2075142,chr19:45687763:A:G,G,A,0,0,0,0,0,0,0,0,0,0
19,A,chr19,47569003,47065746,rs3810291,chr19:47065746:G:A,A,G,0,0,0,0,1.077025393,0,0,0,0,0
20,A,chr20,21451139,21470501,rs813393,chr20:21470501:G:A,A,G,0,0,0,0,0,0,0,0,0,0
20,T,chr20,31966698,33378892,rs2065703,chr20:33378892:C:T,T,C,0,0,0,0,0,1.11198154,0,0,0,0
20,T,chr20,32415089,33827283,rs736953,chr20:33827283:G:T,T,G,0.857194847,0,0,0,0,0,0,0,0,0
20,G,chr20,32622608,34034802,rs6120487,chr20:34034802:A:G,G,A,0,0,0,0,0,0.931878876,0,0,0,0
20,A,chr20,42985717,44357077,rs2144908,chr20:44357077:G:A,A,G,0,0,0.992332995,0,0,0,0,0,0,0
20,T,chr20,43042364,44413724,rs1800961,chr20:44413724:C:T,T,C,0,0,0,0,0,0.996197033,1.094198557,0,0,0
20,G,chr20,45557017,46928378,rs1412956,chr20:46928378:A:G,G,A,0,0,0,0,0,1.432912778,0,0,0,0
20,A,chr20,45598564,46969925,rs6063048,chr20:46969925:G:A,A,G,0,0,0,0,0,-1.301873032,0,0,0,0
20,C,chr20,48830265,50213728,rs6012876,chr20:50213728:T:C,C,T,0,-0.856137399,0,0,0,0,0,0,0,0
20,G,chr20,51222704,52606165,rs17733217,chr20:52606165:A:G,G,A,0,0,0,0,-1.293893158,0,0,0,0,0
20,A,chr20,57379850,58804795,rs6064709,chr20:58804795:G:A,A,G,0,0,0,0,0,0,0,0,0,0
22,G,chr22,30599562,30203573,rs2023681,chr22:30203573:A:G,G,A,0,0,0,0,0,0.957006517,0,0,0,0
22,T,chr22,32384307,31988320,rs2006867,chr22:31988320:C:T,T,C,0,0,0,0,0,0,0,0,0,0
22,A,chr22,41489920,41093916,rs5758223,chr22:41093916:G:A,A,G,0,0,0,0,0,0,0,0,0,0
22,T,chr22,44324730,43928850,rs738408,chr22:43928850:C:T,T,C,0,0,0,0,0,1.062586265,1.410335985,0,0,0
22,T,chr22,50451771,50013342,rs713669,chr22:50013342:C:T,T,C,0,0,0,0,0,0,0,0,0,0
22,A,chr22,50588313,50149884,rs12484907,chr22:50149884:G:A,A,G,0,0,0,0,0,0,0,0,0,0
