CHROM_n,ea,CHROM,POS_hg19,POS_hg38,RSID,ID_NHS_HPFS,A1,A2,Adiposity_driven_Hyperinsulinem,Elevated_Insulin_Secretion,Hepatic_Insulin_Resistance,Insulin_Resistance_Lipodystroph,Insulin_Resistance_Mediated,Preserved_Insulin_Secretion,Stressed_Beta_Cell
1,G,chr1,54726362,54260689,rs3766437,chr1:54260689:A:G,G,A,0.924252065000913,0,0,0,0,0,0
1,T,chr1,54735974,54270301,rs1537430,chr1:54270301:C:T,T,C,0.850547847366148,0,0,0,0,0,0
1,T,chr1,78623626,78157942,rs17391694,chr1:78157942:C:T,T,C,0,0,0,-0.951261377586259,0,0,0
1,G,chr1,171617708,171648568,rs6425364,chr1:171648568:T:G,G,T,0,0,0,0,-1.20826276022354,0,0
1,A,chr1,172346548,172377408,rs1011731,chr1:172377408:G:A,A,G,0,0,0,-1.119919124144,-0.957709891280166,0,0
1,G,chr1,181848014,181878879,rs535607,chr1:181878879:A:G,G,A,0,1.46451338,0,0,0,0,0
1,T,chr1,219540176,219366834,rs4846551,chr1:219366834:G:T,T,G,0,0,0,0,-1.19423541503163,0,0
1,T,chr1,219596070,219422728,rs2820455,chr1:219422728:C:T,T,C,0,-1.47199903,0,0,0,0,0
1,T,chr1,219624387,219451045,rs12034686,chr1:219451045:C:T,T,C,0,0,0,2.09338484242057,0.949842021982142,0,0
1,G,chr1,219759733,219586391,rs3897379,chr1:219586391:A:G,G,A,0,0,0,-1.23071020441651,-0.932363618947957,0,0
1,C,chr1,234167428,234031682,rs12729362,chr1:234031682:T:C,C,T,0,0,0,0,1.01781140309137,0,0
1,A,chr1,239592178,239428878,rs4557960,chr1:239428878:G:A,A,G,0,-1.2644769,0,0,0,0,0
10,G,chr10,65350383,63590623,rs10822186,chr10:63590623:A:G,G,A,0,-1.79481034,0,-0.868202966462736,-0.936132140312419,0,-1.11408903406032
10,T,chr10,114758349,112998590,rs7903146,chr10:112998590:C:T,T,C,-1.22541481006199,-1.69483354,0,0,0,-3.70762946040941,0
11,A,chr11,47572279,47550727,rs11039290,chr11:47550727:G:A,A,G,0,0,0,0,0,4.3721482927127,0
11,T,chr11,63869062,64101590,rs2845885,chr11:64101590:C:T,T,C,0,0,0,-1.79186203542635,0,0,0
11,A,chr11,72483880,72772835,rs534668,chr11:72772835:G:A,A,G,0,0,0,0,0,0,2.6976467361527
12,A,chr12,50247468,49853685,rs7138803,chr12:49853685:G:A,A,G,1.99221775251067,0,0,0,0,0,0
12,A,chr12,56368078,55974294,rs11171710,chr12:55974294:G:A,A,G,0,0,0,0,1.16084422228607,0,0
12,T,chr12,57425965,57032181,rs1552245,chr12:57032181:C:T,T,C,0,0,0,0,1.5966839623185,0,0
12,C,chr12,66351826,65958046,rs1351394,chr12:65958046:T:C,C,T,0,0,0,1.27850608324152,0,0.892664959391876,0
12,A,chr12,102898446,102504668,rs860598,chr12:102504668:G:A,A,G,0,0,0,0,1.11885111385162,0,0
12,C,chr12,111884608,111446804,rs3184504,chr12:111446804:T:C,C,T,0,0,0,-1.25141608597657,0,0,0
12,T,chr12,121438311,121000508,rs1169306,chr12:121000508:C:T,T,C,0,0,0,0,0,0,-4.75343319811768
12,A,chr12,124409502,123924955,rs7133378,chr12:123924955:G:A,A,G,0,-1.18797354,0,-1.95199134206084,0,0,0
13,T,chr13,58670147,58096013,rs9563576,chr13:58096013:C:T,T,C,-1.29844922488833,0,0,0,0,0,0
13,G,chr13,111025118,110372771,rs4773173,chr13:110372771:A:G,G,A,0,0,0,0,-1.29304673013965,0,0
14,A,chr14,79430595,78964252,rs17108429,chr14:78964252:G:A,A,G,0,0,0,0,-1.06971166786739,0,0
15,G,chr15,39446211,39154010,rs275182,chr15:39154010:A:G,G,A,0,0,0,-0.872092979900217,-1.08169074419266,0,0
15,A,chr15,61223062,60930863,rs12594128,chr15:60930863:C:A,A,C,0,0,0,0,0,0.941609102970081,0
16,A,chr16,950922,900922,rs4262947,chr16:900922:G:A,A,G,0,1.08259704,0,0,0,0,0
16,T,chr16,14665479,14571622,rs7200272,chr16:14571622:C:T,T,C,0,-0.93505187,0,0,0,0,0
16,T,chr16,53764849,53730937,rs4280233,chr16:53730937:G:T,T,G,-0.88287011168634,0,0,0,0,0,0
16,A,chr16,53809247,53775335,rs1121980,chr16:53775335:G:A,A,G,4.69074157434207,0,0,0,0,0,0
17,T,chr17,17660347,17757033,rs752579,chr17:17757033:C:T,T,C,0,0,0,-1.18792971841101,0,0,0
17,A,chr17,65947640,67951524,rs12449442,chr17:67951524:G:A,A,G,1.1626734981913,0,0,0,0,0,0
18,A,chr18,21133937,23553973,rs11663558,chr18:23553973:G:A,A,G,-1.38453493677477,0,0,0,0,0,0
18,T,chr18,60795188,63127955,rs4987845,chr18:63127955:C:T,T,C,0,0.89706826,0,0,0,0,0
18,C,chr18,60845884,63178651,rs12454712,chr18:63178651:T:C,C,T,0,0,0,-1.37705829546187,0,0,0
18,C,chr18,65545054,67877817,rs2126015,chr18:67877817:T:C,C,T,0,1.1482368,0,0,0.85923814636589,0,0
19,A,chr19,33899065,33408159,rs731839,chr19:33408159:G:A,A,G,0,0,0,-1.49895139991875,0,0,-1.03578152954824
2,C,chr2,622827,622827,rs2867125,chr2:622827:T:C,C,T,0,0,0,-1.37189287524205,0,0,0
2,C,chr2,27730940,27508073,rs1260326,chr2:27508073:T:C,C,T,0,0,6.240134019958,0,0,0,0
2,G,chr2,100782273,100165811,rs4850924,chr2:100165811:A:G,G,A,0,-0.84532408,0,0,0,0,0
2,T,chr2,165528876,164672366,rs13389219,chr2:164672366:C:T,T,C,0,0,0,-2.84317790838004,0,0,0
2,G,chr2,227099534,226234818,rs2943646,chr2:226234818:A:G,G,A,0,0,0,2.59870447187873,0,0,0
20,C,chr20,6623374,6642727,rs979012,chr20:6642727:T:C,C,T,0,0,0,0,-1.47297421663223,0,0
20,C,chr20,25722462,25741826,rs7260957,chr20:25741826:T:C,C,T,0.876716080804675,0,0,0,0,0,0
20,A,chr20,45582472,46953833,rs1206760,chr20:46953833:G:A,A,G,0,0,0,-1.14880710615179,0,0,0
21,T,chr21,38243399,36871099,rs2835516,chr21:36871099:C:T,T,C,0,1.20211392,0,0,0,0,0
22,C,chr22,38545942,38149935,rs132941,chr22:38149935:T:C,C,T,0,0,0,-1.24974390864149,0,0,-0.848533587729928
22,T,chr22,44324730,43928850,rs738408,chr22:43928850:C:T,T,C,0,0,0,1.30177560313067,0,0,0
3,T,chr3,12287863,12246363,rs17036126,chr3:12246363:C:T,T,C,0,0,0,0,1.24656632985334,0,0
3,A,chr3,12336507,12295008,rs11709077,chr3:12295008:G:A,A,G,0,0,0,-1.59861095064697,0,0,0
3,T,chr3,52844534,52810518,rs17331151,chr3:52810518:C:T,T,C,0,0,0,-1.31488779828892,0,0,0
3,A,chr3,94075026,94356182,rs13066686,chr3:94356182:C:A,A,C,-0.874296565197754,0,0,0,0,0,0
3,G,chr3,105502097,105783253,rs6780015,chr3:105783253:A:G,G,A,0,-0.98549231,0,0,0,0,0
3,T,chr3,107820063,108101216,rs7640424,chr3:108101216:C:T,T,C,-1.17331186017304,0,0,0,0,0,0
3,G,chr3,123065778,123346931,rs11708067,chr3:123346931:A:G,G,A,0,0,0,0,0,1.76167946436052,0
3,A,chr3,150074251,150356464,rs11929253,chr3:150356464:G:A,A,G,0,0,0,1.10166778450614,0,0,0
3,G,chr3,171799660,172081870,rs6809191,chr3:172081870:A:G,G,A,0,0.95360477,0,0,0,0,0
4,A,chr4,33607379,33605757,rs7655557,chr4:33605757:C:A,A,C,0,0,0,0,0,-0.962132923301524,0
4,G,chr4,45182527,45180510,rs10938397,chr4:45180510:A:G,G,A,2.36868937032383,0,0,0,0,0,0
4,G,chr4,89739808,88818657,rs3775380,chr4:88818657:A:G,G,A,0,0,0,1.60799807174676,1.17091144481683,0,0
4,C,chr4,157670537,156749385,rs6855363,chr4:156749385:T:C,C,T,0,-0.99801921,0,-0.846047284381584,0,0,0
5,A,chr5,53272664,53976834,rs4865796,chr5:53976834:G:A,A,G,0,0,0,1.01549052618712,1.2950817384541,0,0
5,G,chr5,55806751,56510924,rs459193,chr5:56510924:A:G,G,A,0,0,0,1.0257996933284,0,0,0.876046605795088
5,C,chr5,112501801,113166104,rs12652257,chr5:113166104:T:C,C,T,0.883796284255952,0,0,0,0,0,0
5,T,chr5,118729286,119393591,rs1045241,chr5:119393591:C:T,T,C,0,0,0,-1.42269471640677,0,0,0
5,C,chr5,157961804,158534796,rs6872354,chr5:158534796:T:C,C,T,0,0,0,-0.866164062562895,0,0,0
5,G,chr5,172179584,172752581,rs6872156,chr5:172752581:A:G,G,A,0,1.23546751,0,0,0,0,0
6,C,chr6,35005084,35037307,rs13210323,chr6:35037307:A:C,C,A,0,-1.10244987,0,0,0,0,0
6,T,chr6,35260530,35292753,rs1557568,chr6:35292753:C:T,T,C,0,1.00998387,0,0,0,0,0
6,A,chr6,43757896,43790159,rs998584,chr6:43790159:C:A,A,C,0,0,0,2.68285584427918,0,0,0
6,C,chr6,43809802,43842065,rs9472135,chr6:43842065:T:C,C,T,0,-1.13042373,0,0,0,0,0
6,G,chr6,105445364,104997489,rs9377684,chr6:104997489:A:G,G,A,0,0,0,0,0.928274738067113,0,0
6,T,chr6,127452116,127130971,rs1936805,chr6:127130971:C:T,T,C,0,0,0,1.70383497051194,0,0,0
6,T,chr6,130436472,130115327,rs6914419,chr6:130115327:C:T,T,C,0,0,0,-1.11815265574152,0,0,0
6,C,chr6,139831757,139510620,rs634869,chr6:139510620:T:C,C,T,0,0,0,-1.26177800996201,0,0,0
6,G,chr6,160770312,160349280,rs474513,chr6:160349280:A:G,G,A,0,0,1.00421196250263,0,0,1.21687079241139,0
6,G,chr6,164107529,163686497,rs17630640,chr6:163686497:A:G,G,A,0,0,0,-1.36788229033544,0,0,0
7,C,chr7,6746738,6707107,rs9639027,chr7:6707107:T:C,C,T,1.15585421060088,0,0,0,0,0,0
7,T,chr7,50764404,50696707,rs2299156,chr7:50696707:C:T,T,C,0,-1.38369783,0,0,0,0,0
7,A,chr7,50786663,50718966,rs2108349,chr7:50718966:G:A,A,G,0,-2.13760025,0,0,0,0,0
7,G,chr7,55175876,55108183,rs7796139,chr7:55108183:A:G,G,A,0,0,0,0,-0.911715553839955,0,0
7,A,chr7,75163169,75533848,rs1167827,chr7:75533848:G:A,A,G,-1.44991141423394,0,0,0,0,0,0
7,C,chr7,77417584,77788267,rs1544459,chr7:77788267:T:C,C,T,0,0,0,-1.13938387488288,0,0,0
7,G,chr7,112930495,113290440,rs1917043,chr7:113290440:A:G,G,A,0.931280505530589,0,0,0,0,0,0
7,G,chr7,130466854,130782095,rs972283,chr7:130782095:A:G,G,A,0,0,0,1.69425410301836,0,0,0
8,G,chr8,9183596,9326086,rs4841132,chr8:9326086:A:G,G,A,0,-1.29981967,-1.97721917875409,-0.949334964584273,0,0,0
8,G,chr8,9239458,9381948,rs6601302,chr8:9381948:T:G,G,T,0,0,0.931217278531947,0,0,0,0
8,C,chr8,23615445,23757932,rs13258890,chr8:23757932:T:C,C,T,0,0,0,-0.965084798521165,0,0,0
8,A,chr8,67194171,66281936,rs12334877,chr8:66281936:G:A,A,G,-0.960514280156196,0,0,0,0,0,0
9,A,chr9,4289050,4289050,rs7034200,chr9:4289050:C:A,A,C,0,0,0,0,0,-0.932542944761139,0
9,C,chr9,16744807,16744809,rs10810604,chr9:16744809:T:C,C,T,0,0,0,0,-1.07755053375795,0,0
9,T,chr9,17621918,17621920,rs3808752,chr9:17621920:C:T,T,C,0,0,0,0,0.909714460109535,0,0
9,C,chr9,28410683,28410685,rs1412234,chr9:28410685:T:C,C,T,1.82799310599603,0,0,0,0,0,0
9,G,chr9,82301795,79686880,rs1316823,chr9:79686880:A:G,G,A,0,-1.00774721,0,0,0,0,0
9,T,chr9,95218829,92456547,rs8067,chr9:92456547:G:T,T,G,0,-1.2259097,0,0,-0.987213837106198,0,0
9,A,chr9,119256146,116493867,rs1861882,chr9:116493867:C:A,A,C,0,0,0,0,1.19460726479678,0,0
9,T,chr9,136131188,133255801,rs8176749,chr9:133255801:C:T,T,C,0,0,0,0,0.980947600583555,0,0
