CHROM_n,ea,CHROM,POS_hg19,POS_hg38,RSID,ID_NHS_HPFS,A1,A2,Beta.Cell.1,Beta.Cell.2,Proinsulin,Obesity,Hyper.Insulin,Cholesterol,Lipodystrophy.1,Lipodystrophy.2,Liver.Lipid,Bilirubin,SHBG.LpA,ALP.Neg
1,A,chr1,110470764,109928142,rs333947,chr1:109928142:G:A,A,G,0,0,0,0,0,0,0,0,0,0,0,0
1,T,chr1,112289983,111747361,rs197374,chr1:111747361:C:T,T,C,0,0,0,0.94497787,0,0,0,0,0,0,0,0
1,C,chr1,11317932,11257875,rs7554251,chr1:11257875:T:C,C,T,0,0,0,0,0,0,1.126571962,0,0,0,0,0
1,T,chr1,117532790,116990168,rs1127215,chr1:116990168:C:T,T,C,0,0,0,0,0,0,0,0,0,0,0,0
1,G,chr1,117913019,117370397,rs1289951,chr1:117370397:A:G,G,A,0,0,0,0,0,0,0,0,0,0,0,0
1,A,chr1,118169463,117626841,rs2282456,chr1:117626841:G:A,A,G,0.790593075,0.930329191,0.781777368,0,0,0,0,0,0,0,0,0
1,C,chr1,120499573,119956950,rs2453051,chr1:119956950:A:C,C,A,0,0,0,0,0,0,0,0,0,0,0,0
1,G,chr1,146729093,147257439,rs3766524,chr1:147257439:A:G,G,A,0.785182468,0,0,0,0,0,0,0,0,0,0,0
1,G,chr1,151063520,151091044,rs12093562,chr1:151091044:A:G,G,A,0,0,0,0,0,0,0,0,0,0,0,0
1,C,chr1,154325149,154352673,rs2483712,chr1:154352673:A:C,C,A,0,0,0,0,0,0,0,0,0,0,0,0
1,G,chr1,155269776,155299985,rs3020781,chr1:155299985:A:G,G,A,0,0,0,0,0,0,0,0,0,0,0,0
1,C,chr1,16050470,15723975,rs12746673,chr1:15723975:A:C,C,A,0,0,0,0,0,0,0,0,0,0,0,0
1,G,chr1,172368310,172399170,rs7546252,chr1:172399170:A:G,G,A,0,0,0,0,0,0,-1.64806169,0,0,0,0,0
1,C,chr1,177889025,177919890,rs539515,chr1:177919890:A:C,C,A,0,0,0,1.77618275,0,0,0,0,0,0,0,0
1,G,chr1,179248952,179279817,rs2816177,chr1:179279817:A:G,G,A,0,0,0,0,0,0,0,0,0,0,0,0
1,G,chr1,183004334,183035199,rs4129858,chr1:183035199:A:G,G,A,0,0,0,0,0,0,0,0,0,0,0,0
1,C,chr1,184023529,184054395,rs1046934,chr1:184054395:A:C,C,A,0,0,0,0,0,0,0,0,0,0,0,0
1,G,chr1,200197538,200228410,rs12128213,chr1:200228410:A:G,G,A,0,0,0,0,0,0,0,0,0,0,0,0
1,G,chr1,201849926,201880798,rs41304257,chr1:201880798:A:G,G,A,-0.786528889,0,0,0,0,0,0,0,0,0,0,0
1,G,chr1,204490470,204521342,rs12041243,chr1:204521342:A:G,G,A,0,0,0,0,0,0,0,0,0,0,0,0
1,G,chr1,205044339,205075211,rs11240351,chr1:205075211:A:G,G,A,0,0,0,0,1.389584028,0,0.829713414,0,0,0,0,0
1,T,chr1,205795960,205826832,rs7529407,chr1:205826832:C:T,T,C,0,0,0,0,0,0,0,0,0,0,0,0
1,A,chr1,206621028,206447682,rs61817176,chr1:206447682:C:A,A,C,0,0,0,0,0,0,0,0,0,0,0,0
1,G,chr1,20707153,20380660,rs10916780,chr1:20380660:A:G,G,A,0,0,0,0,0,0,0,0,0,0,0,0
1,C,chr1,213705165,213531822,rs10864049,chr1:213531822:T:C,C,T,0,0,0,0,0,0,0,0,0,0,0,0
1,C,chr1,214159256,213985913,rs340874,chr1:213985913:T:C,C,T,0,1.676266074,0,0,0,0,0,0,0,0,0,0
1,T,chr1,214226308,214052965,rs35834243,chr1:214052965:C:T,T,C,0,0,0,0,0,0,0,0,0,0,0,0
1,T,chr1,219750717,219577375,rs4846567,chr1:219577375:G:T,T,G,0,0,0,0,0,0,-2.244617611,0,0,0,0,0
1,T,chr1,22094167,21767674,rs12122128,chr1:21767674:C:T,T,C,-1.23150727,0,0,0,0,0,0,0,0,0,0,0
1,A,chr1,229672955,229537208,rs348330,chr1:229537208:G:A,A,G,0,-0.851039929,0,0,0,0,0,0,0,0,0,0
1,G,chr1,235542023,235378708,rs10737818,chr1:235378708:A:G,G,A,0,0,0,0,0,0,0,0,0,0,0,0
1,G,chr1,26396065,26069574,rs9438610,chr1:26069574:A:G,G,A,0,0,0,0,0,0,0,0,0,0,0,0
1,T,chr1,29060898,28734386,rs3753693,chr1:28734386:C:T,T,C,0,0,0,0,0,0,0,0,0,0,0,0
1,A,chr1,33196120,32730519,rs59020573,chr1:32730519:G:A,A,G,0,0,0,0,0,0,0,0,0,0,0,0
1,G,chr1,36789546,36323945,rs12116935,chr1:36323945:A:G,G,A,0,0,0,0,0,0,0,0,0,0,0,0
1,A,chr1,39855177,39389505,rs61779284,chr1:39389505:G:A,A,G,0,0,0,0,0,0,0,0,0,0,0,0
1,C,chr1,46538320,46072648,rs785513,chr1:46072648:T:C,C,T,0.95702153,0,0,0,0,0,0,0,0,0,0,0
1,C,chr1,51209148,50743476,rs79090772,chr1:50743476:T:C,C,T,0,0,0,0,0,0,-0.875877662,0,0,0,0,0
1,T,chr1,64107284,63641613,rs2269247,chr1:63641613:C:T,T,C,0,0,0,0,0,0,0,0,0,0,0,0
1,A,chr1,65989878,65524195,rs10889560,chr1:65524195:C:A,A,C,0,0,0,0,0,0,0,0,0,0,0,0
1,C,chr1,6672729,6612669,rs11583755,chr1:6612669:A:C,C,A,1.370318579,0,0,0,0,0,0,0,0,0,0,0
1,C,chr1,67010654,66544971,rs4655617,chr1:66544971:A:C,C,A,0,0,0,0,0,0,0,0,0,0,0,0
1,G,chr1,72751552,72285869,rs2613499,chr1:72285869:A:G,G,A,0,0,0,-1.075096812,0,0,0,0,0,0,0,0
1,T,chr1,96404462,95938906,rs10159026,chr1:95938906:C:T,T,C,0,0,0,0,0,0,0,0,0,0,0,0
10,G,chr10,100421841,98662084,rs524903,chr10:98662084:A:G,G,A,0,0,0,0,0,0,0,0,0,0,0,0
10,T,chr10,101912194,100152437,rs1408579,chr10:100152437:C:T,T,C,0,0,0,0,0,0,0,-1.838623039,0,0,0,0
10,T,chr10,103065789,101306032,rs620191,chr10:101306032:G:T,T,G,0,0,0,0,0,0,0,0,0,0,0,0
10,T,chr10,104568018,102808261,rs2790914,chr10:102808261:C:T,T,C,0,0,0,0,0,0,0,0,0,0,0,0
10,T,chr10,112678657,110918899,rs7895872,chr10:110918899:G:T,T,G,0,0,0,0,0,0,0,0,0,0,0,0
10,T,chr10,113039667,111279909,rs11195502,chr10:111279909:C:T,T,C,0,-1.390631684,0,0,0,0,0,0,0,0,0,0
10,A,chr10,114749734,112989975,rs35011184,chr10:112989975:G:A,A,G,0,2.660731734,0,0,0,0,0,0,0,0,0,0
10,G,chr10,114861304,113101545,rs10885414,chr10:113101545:A:G,G,A,0,0,0,0,0,0,0,0,0,0,0,0
10,T,chr10,115813924,114054165,rs10787516,chr10:114054165:C:T,T,C,-0.822099927,0,0,0,0,0,0,0,0,0,0,0
10,A,chr10,118558383,116798872,rs7909152,chr10:116798872:G:A,A,G,0,0,0,0,0,0,0,0,0,0,0,0
10,C,chr10,121660400,119900888,rs11199116,chr10:119900888:A:C,C,A,0,0,0,0,0,0,0,0,0,0,0,0
10,T,chr10,122836858,121077345,rs11199755,chr10:121077345:C:T,T,C,0,0,0,0,0,0,0,0,0,0,0,0
10,C,chr10,122930568,121171054,rs7071036,chr10:121171054:T:C,C,T,0,0,0,0,0,0,0,0,0,0,0,0
10,T,chr10,12307894,12265895,rs11257655,chr10:12265895:C:T,T,C,0.962620652,1.283825543,0,0,0,0,0,0,0,0,0,0
10,A,chr10,12399515,12357516,rs57219676,chr10:12357516:G:A,A,G,0,0,0,0,0,0,0,0,0,0,0,0
10,G,chr10,124193181,122433665,rs2280141,chr10:122433665:T:G,G,T,-0.837477165,0,0,0,0,0,0,0,0,0,0,0
10,A,chr10,125226178,123466662,rs705145,chr10:123466662:C:A,A,C,0,0,0,0,0,0,0,0,0,0,0,0
10,T,chr10,12559518,12517519,rs12218957,chr10:12517519:C:T,T,C,0,0,0,0,0,0,0,0,0,0,0,0
10,C,chr10,13540869,13498869,rs11258422,chr10:13498869:A:C,C,A,0.964423963,0,0,0,0,0,0,0,0,0,0,0
10,A,chr10,26577671,26288742,rs55878324,chr10:26288742:G:A,A,G,0,0,0,0,0,0,0,0,0,0,0,0
10,C,chr10,33997227,33708299,rs71495046,chr10:33708299:A:C,C,A,0,0,0,0.840352973,0,0,0,0,0,0,0,0
10,T,chr10,63717113,61957354,rs146716733,chr10:61957354:C:T,T,C,0,0,0,0,0,0,0,0,0,0,0,0
10,G,chr10,70382179,68622422,rs10998338,chr10:68622422:A:G,G,A,0,0,0,0,-1.296655905,0,0,0,0,0,0,0
10,G,chr10,71321279,69561523,rs177045,chr10:69561523:A:G,G,A,0,0,0,0,0,0,0,0,0,0,0,0
10,A,chr10,71464834,69705078,rs1381937,chr10:69705078:C:A,A,C,0,0,0,0,0,0,0,0,0,0,0,0
10,T,chr10,72648336,70888579,rs827237,chr10:70888579:C:T,T,C,0,0,0,0,0,0,0,0,0,0,0,0
10,T,chr10,75598099,73838341,rs2633311,chr10:73838341:C:T,T,C,0,0,0,0,0,0,0,0,0,0,0,0
10,C,chr10,77240548,75480790,rs4745777,chr10:75480790:T:C,C,T,0,0,0,0,0,0,0,0,0,0,0,0
10,C,chr10,77559168,75799410,rs11001500,chr10:75799410:T:C,C,T,0,0,0,0.898393575,0,0,0,0,0,0,0,0
10,C,chr10,80947438,79187681,rs697239,chr10:79187681:T:C,C,T,0,0,0,0,0,0,0,0,0,0,0,0
10,A,chr10,88117318,86357561,rs11201992,chr10:86357561:C:A,A,C,0,0,0,0,-0.823809511,0,0,0,0,0,0,0
10,T,chr10,94462882,92703125,rs1111875,chr10:92703125:C:T,T,C,-2.354245339,0,0,0,0,0,0,0,0,0,0,0
10,A,chr10,99091369,97331612,rs945187,chr10:97331612:G:A,A,G,-1.014542028,0,0,0,0,0,0,0,0,0,0,0
10,T,chr10,99510068,97750311,rs3750614,chr10:97750311:G:T,T,G,0,0,0,0,0,0,0,0,0,0,0,0
11,C,chr11,117693255,117822540,rs529623,chr11:117822540:T:C,C,T,0,0,0,0,0,0,0,0,0,0,0,0
11,T,chr11,118953202,119082492,rs7127212,chr11:119082492:C:T,T,C,0,0,0,0,0,0,0,0,0,0,0,0
11,C,chr11,128042575,128172680,rs10893829,chr11:128172680:T:C,C,T,0,0,0,0,0,0,0,0,0,0,0,0
11,T,chr11,128204110,128334215,rs34086018,chr11:128334215:C:T,T,C,0,0,0,0,0,0,0,0,0,0,0,0
11,G,chr11,128234144,128364249,rs10750397,chr11:128364249:A:G,G,A,0,0,0,0,0,0,0,0,0,0,0,0
11,T,chr11,128389391,128519496,rs11819995,chr11:128519496:C:T,T,C,0,0,0,0,0,0,0,0,0,0,0,0
11,G,chr11,13339272,13317725,rs10832022,chr11:13317725:A:G,G,A,0,0,0,0,0,0,0,0,0,0,0,0
11,T,chr11,1696849,1675619,rs2334499,chr11:1675619:C:T,T,C,1.222122514,0,0,0,0,0,0,0,0,0,0,0
11,A,chr11,17418477,17396930,rs757110,chr11:17396930:C:A,A,C,-0.81264401,0,0,0,0,0,0,0,0,0,0,0
11,A,chr11,20952237,20930691,rs16907058,chr11:20930691:G:A,A,G,0,0,0,0,1.151719019,0,0,0,0,0,0,0
11,G,chr11,2197286,2176056,rs4929965,chr11:2176056:A:G,G,A,0,0,0,0,0,0,0,0,0,0,0,0
11,T,chr11,2288412,2267182,rs10831668,chr11:2267182:C:T,T,C,0,0,0,0,0,0,0,0,0,0,0,0
11,G,chr11,2579163,2557933,rs2283164,chr11:2557933:A:G,G,A,0,0,0,0,0,0,0,0,0,0,0,0
11,A,chr11,2580063,2558833,rs2283167,chr11:2558833:G:A,A,G,0,0,0,0,0,0,0,0,0,0,0,0
11,T,chr11,27686196,27664649,rs10767659,chr11:27664649:G:T,T,G,0,0,0,-1.787235831,0,0,0,0,0,0,0,0
11,C,chr11,2799679,2778449,rs2237884,chr11:2778449:T:C,C,T,0,0,0,0,0,0,0,0,0,0,0,0
11,C,chr11,2835530,2814300,rs72844289,chr11:2814300:T:C,C,T,0,0,0,0,0,0,0,0,0,0,0,0
11,A,chr11,28534898,28513351,rs4923543,chr11:28513351:G:A,A,G,0,0,0,0,0,0,0,0,0,0,0,0
11,A,chr11,2857233,2836003,rs60808706,chr11:2836003:G:A,A,G,0,-1.083023599,0,0,0,0,0,0,0,0,0,0
11,A,chr11,30608133,30586586,rs11031140,chr11:30586586:G:A,A,G,1.141066246,0,0,0,0,0,0,0,0,0,0,0
11,T,chr11,32481177,32459631,rs7927401,chr11:32459631:C:T,T,C,0,0,0.914822126,0,0,0,0,0,0,0,0,0
11,C,chr11,34908780,34887233,rs2956092,chr11:34887233:T:C,C,T,0,0,0,0,0,0,0,0,0,0,0,0
11,A,chr11,35433624,35412077,rs11033114,chr11:35412077:G:A,A,G,0,0,0,0,0,0,0,0,0,0,0,0
11,A,chr11,43878459,43856909,rs35251247,chr11:43856909:G:A,A,G,1.026411969,0,0,1.261789878,0,0,0,0,0,0,0,0
11,G,chr11,43945619,43924069,rs4755217,chr11:43924069:A:G,G,A,0,0,0,0,0,0,0,0,0,0,0,0
11,A,chr11,45858584,45837033,rs12419690,chr11:45837033:G:A,A,G,0,-0.815094116,0,0,0,0,0,0,0,0,0,0
11,T,chr11,47611152,47589600,rs11039307,chr11:47589600:C:T,T,C,0,0,0,1.131283999,0,0,0,0,0,0,0,0
11,C,chr11,58128015,58360542,rs7483027,chr11:58360542:T:C,C,T,0,0,0,0,0,0,0,0,0,0,0,0
11,C,chr11,61565908,61798436,rs174541,chr11:61798436:T:C,C,T,-1.523953042,-0.879486392,0,0,0,0,0,0,-1.534577801,0,0,-1.979894696
11,G,chr11,64100776,64333304,rs1662185,chr11:64333304:A:G,G,A,0,0,0,0,0,0,-1.411271795,0,0,0,0,0
11,A,chr11,65326154,65558683,rs12789028,chr11:65558683:G:A,A,G,0,0,0,0,0.979598621,0,0,0,0,0,0,0
11,C,chr11,68839187,69071719,rs3750957,chr11:69071719:T:C,C,T,1.410036756,0,0,0,0,0,0,0,0,0,0,0
11,T,chr11,68996697,69229230,rs61881114,chr11:69229230:C:T,T,C,0,0,0,0,0,0,0,0,0,0,0,0
11,A,chr11,69463273,69648505,rs3918298,chr11:69648505:G:A,A,G,0,0,0,0,0,0,0,0,0,0,0,0
11,A,chr11,72432985,72721940,rs11603334,chr11:72721940:G:A,A,G,0,-1.519346512,-2.574634969,0,0,0,0,0,0,0,0,0
11,C,chr11,74625997,74914952,rs480840,chr11:74914952:T:C,C,T,0,0,0,0,0,0,0,0,0,0,0,0
11,A,chr11,76230357,76519313,rs2513505,chr11:76519313:C:A,A,C,0,0,0,0,0,0,0,0,0,0,0,0
11,A,chr11,76504698,76793654,rs10899282,chr11:76793654:G:A,A,G,0,0,0,0,0,0,0,0,0,0,0,0
11,A,chr11,8677063,8655516,rs7941510,chr11:8655516:C:A,A,C,-0.834137037,0,0,-0.915074993,0,0,0,0,0,0,0,0
11,G,chr11,93013387,93280221,rs7943372,chr11:93280221:T:G,G,T,0,0,0,0,0,0,0,0,0,0,0,0
11,C,chr11,95710493,95977329,rs7130522,chr11:95977329:A:C,C,A,0,0,0,0,0,0,0,0,0,0,0,0
11,T,chr11,9856015,9834468,rs76789970,chr11:9834468:C:T,T,C,0,0,0,0,0,0,0,0,0,0,0,0
12,A,chr12,106288445,105894667,rs12825669,chr12:105894667:G:A,A,G,0,0,0,-0.797567267,0,0,0,0,0,0,0,0
12,A,chr12,108629780,108236003,rs1426371,chr12:108236003:G:A,A,G,-1.60222736,0,0,0,0,0,0,0,0,0,0,0
12,A,chr12,114124239,113686434,rs12816687,chr12:113686434:G:A,A,G,0,0,0,0,0,0,0,0,0,0,0,0
12,G,chr12,117723613,117285808,rs884847,chr12:117285808:A:G,G,A,0,0,0,0,0,0,0,0,0,0,0,0
12,T,chr12,118406696,117968891,rs79310463,chr12:117968891:C:T,T,C,0,0,0,0,0,0,0,0,0,0,0,0
12,A,chr12,121380541,120942738,rs73226260,chr12:120942738:G:A,A,G,0,0,0,0,0,0,0,0,0,0,0,0
12,A,chr12,121455589,121017786,rs56158042,chr12:121017786:G:A,A,G,-1.35511608,0,0,0,0,0,0,0,-1.299166532,0,0,0
12,G,chr12,121982162,121544257,rs4981013,chr12:121544257:A:G,G,A,0.947263137,0,0,0,0,0,0,0,0,0,0,0
12,T,chr12,123736084,123251537,rs10773000,chr12:123251537:G:T,T,G,0,0,0,0,0,0,0,0,0,0,0,0
12,C,chr12,124428331,123943784,rs4930726,chr12:123943784:T:C,C,T,0,0,0,0,-1.081542274,0,-3.147397305,0,0,0,0,0
12,G,chr12,12871099,12718165,rs2066827,chr12:12718165:T:G,G,T,0,0,0,0,0,0,0,0,0,0,0,0
12,T,chr12,132544643,132060098,rs11830241,chr12:132060098:C:T,T,C,0,0,0,0,1.30895051,0,0,0,0,0,0,0
12,T,chr12,133070294,132493708,rs11614914,chr12:132493708:C:T,T,C,0,0.927523126,0,0,0,0,0,0,0,0,0,0
12,T,chr12,133730500,133153914,rs7970687,chr12:133153914:C:T,T,C,0,0,0,0,0,0,0,0,0,0,0,0
12,G,chr12,20470199,20317265,rs11045171,chr12:20317265:A:G,G,A,0,0,0,0,0,0,-1.085913566,0,0,0,0,0
12,A,chr12,20591332,20438398,rs7134150,chr12:20438398:G:A,A,G,0,0,0,0,1.922101039,0,0,0,0,0,0,0
12,T,chr12,21843576,21690642,rs11046164,chr12:21690642:C:T,T,C,-1.641585668,0,0,0,0,0,0,0,0,0,0,0
12,A,chr12,26463174,26310241,rs11048457,chr12:26310241:G:A,A,G,0,0,0,0,0,0,-2.198874393,0,0,0,0,0
12,T,chr12,27962103,27809170,rs10842991,chr12:27809170:C:T,T,C,0,0,0,0,0,0,0,0,0,0,0,0
12,G,chr12,33410855,33257920,rs10844519,chr12:33257920:T:G,G,T,0,0,0,0,0,0,0,0,0,0,0,0
12,T,chr12,4031104,3921938,rs10848958,chr12:3921938:C:T,T,C,0,0,0,0,0,0,0,0,0,0,0,0
12,T,chr12,41863393,41469591,rs2730827,chr12:41469591:C:T,T,C,0,0,0,0.812427189,0,0,0,0,0,0,0,0
12,A,chr12,43046449,42652647,rs11181613,chr12:42652647:C:A,A,C,0,0,0,0,0,0,0,0,0,0,0,0
12,G,chr12,434756,325590,rs3753157,chr12:325590:T:G,G,T,0,0,0,0,0,0,0,0,0,0,0,0
12,A,chr12,48736303,48342520,rs2732480,chr12:48342520:C:A,A,C,0,-0.859374774,0,0,0,0,0,0,0,0,0,0
12,A,chr12,50263148,49869365,rs7132908,chr12:49869365:G:A,A,G,0,0,0,1.660073783,0,0,0,0,0,0,0,0
12,C,chr12,50883158,50489375,rs4519166,chr12:50489375:T:C,C,T,0,0,0,0,0.965545905,0,0,0,0,0,0,0
12,A,chr12,54429385,54035601,rs12422600,chr12:54035601:G:A,A,G,0,0,0,0,0,0,0,0,0,0,0,0
12,G,chr12,57146069,56752285,rs2277339,chr12:56752285:T:G,G,T,0,0,0,0,0,0,0,0,0,0,0,0
12,A,chr12,57968738,57574955,rs11172254,chr12:57574955:G:A,A,G,-0.826223444,0,0,0,0,0,0,0,0,0,0,0
12,C,chr12,61251401,60857620,rs12372209,chr12:60857620:T:C,C,T,0,0,0,-0.862095803,0,0,0,0,0,0,0,0
12,A,chr12,66216162,65822382,rs2257883,chr12:65822382:G:A,A,G,0,0,0,0,0,0,0,0,0,0,0,0
12,A,chr12,66359752,65965972,rs8756,chr12:65965972:C:A,A,C,0,0,0,0,0,0,0.950683509,0.871596105,0,0,0,0
12,A,chr12,6691452,6582286,rs7316626,chr12:6582286:G:A,A,G,0.787098928,0,0,0,0,0,0,0,0,0,0,0
12,G,chr12,71520761,71126981,rs10879261,chr12:71126981:T:G,G,T,0,0,0,0,0,0,0.859815703,0,0,0,0,0
12,G,chr12,81317114,80923335,rs11114655,chr12:80923335:A:G,G,A,0.977101831,0,0,0,0,0,0,0,0,0,0,0
12,A,chr12,88338289,87944512,rs10777081,chr12:87944512:G:A,A,G,0,0,0,0,0,0,0,0,0,0,0,0
12,C,chr12,97849120,97455342,rs6538805,chr12:97455342:T:C,C,T,0,0,0,0,0,0,0,0,0,0,0,0
13,A,chr13,108781726,108129378,rs1931355,chr13:108129378:C:A,A,C,0,0,0,0,0,0,0,0,0,0,0,0
13,A,chr13,109946882,109294534,rs9587811,chr13:109294534:C:A,A,C,0,0,0,0,0,0,0,0,0,0,0,0
13,T,chr13,110435231,109782884,rs1805097,chr13:109782884:C:T,T,C,0,0,0,0,0,0,0,0,0,0,0,0
13,A,chr13,112187218,111534871,rs9555813,chr13:111534871:G:A,A,G,0,0,0,0,0,0,0,0,0,0,0,0
13,T,chr13,22587245,22013106,rs9509967,chr13:22013106:G:T,T,G,0,0,0,0,0,0,0,0,0,0,0,0
13,T,chr13,23309382,22735243,rs314879,chr13:22735243:C:T,T,C,0,0,0,0,0,0,0,0,0,0,0,0
13,G,chr13,26776999,26202862,rs34584161,chr13:26202862:A:G,G,A,0,0,0,0,0,0,0,0,0,0,0,0
13,T,chr13,28247306,27673169,rs9512785,chr13:27673169:C:T,T,C,0,0,0,0,0,0,0,0,0,0,0,0
13,A,chr13,31017268,30443131,rs12856169,chr13:30443131:G:A,A,G,0,0,0,-1.027795136,0,0,0,0,0,0,0,0
13,C,chr13,33562505,32988367,rs7997912,chr13:32988367:T:C,C,T,0,1.178862783,0,0,0,0,0,0,0,0,0,0
13,G,chr13,41688401,41114265,rs4397977,chr13:41114265:A:G,G,A,0,0,0,0,0,0,0,0,0,0,0,0
13,G,chr13,51094114,50519978,rs9316500,chr13:50519978:T:G,G,T,0,0,0,0,0,0,0,0,0,0,0,0
13,T,chr13,54107583,53533448,rs9568868,chr13:53533448:G:T,T,G,0,0,0,0.852299703,0,0,0,0,0,0,0,0
13,C,chr13,58686760,58112626,rs7988244,chr13:58112626:T:C,C,T,0,0,0,-1.04551552,0,0,0,0,0,0,0,0
13,C,chr13,66204880,65630748,rs9564268,chr13:65630748:T:C,C,T,0,0,0,0,0,0,0,0,0,0,0,0
13,A,chr13,80715893,80141758,rs1215451,chr13:80141758:G:A,A,G,0,0,-0.871278309,0,0,0,0,0,0,0,0,0
13,G,chr13,91949562,91297308,rs9515905,chr13:91297308:A:G,G,A,0,0,0,0,0,0,0,0,0,0,0,0
14,T,chr14,101258584,100792247,rs112324411,chr14:100792247:C:T,T,C,0,0,0,0,0,0,0,0,0,0,0,0
14,T,chr14,101313986,100847649,rs3742395,chr14:100847649:C:T,T,C,0,0,0,0,0,0,0,0,0,0,0,0
14,G,chr14,101531854,101065517,rs61992671,chr14:101065517:A:G,G,A,0,0,0,0,0,0,0,0,0,0,0,0
14,T,chr14,103376031,102909694,rs4906272,chr14:102909694:C:T,T,C,0,0,0,0.930476424,1.449331939,0,0,0,0,0,0,0
14,G,chr14,103960026,103493689,rs56365443,chr14:103493689:A:G,G,A,0,0,0,-0.812300807,0,0,0,0,0,0,0,0
14,C,chr14,23289189,22819980,rs17122782,chr14:22819980:T:C,C,T,0.786334242,0,0,0,0,0,0,0,0,0,0,0
14,T,chr14,25947436,25478230,rs11159347,chr14:25478230:C:T,T,C,0,0,0,0,0,0,0,0,0,0,0,0
14,A,chr14,29726942,29257736,rs2333486,chr14:29257736:C:A,A,C,0,0,0,0,-0.963458317,0,0,0,0,0,0,0
14,C,chr14,30086481,29617275,rs12433335,chr14:29617275:T:C,C,T,0,0,0,0,0,0,0,0,0,0,0,0
14,T,chr14,33303540,32834334,rs12883788,chr14:32834334:C:T,T,C,0,0,0,0.929601085,0,0,0,0,0,0,0,0
14,G,chr14,35408548,34939342,rs712314,chr14:34939342:A:G,G,A,0,0,0,0,0,0,0,0,0,0,0,0
14,C,chr14,38804675,38335471,rs7147483,chr14:38335471:T:C,C,T,0,0,0,0,0,0,0,0,0,0,0,0
14,A,chr14,47304091,46834888,rs723355,chr14:46834888:G:A,A,G,0,0,0,0,0,0,0,0,0,0,0,0
14,A,chr14,58732748,58266030,rs12892257,chr14:58266030:G:A,A,G,0,0,0,0,0,0,0,0,0,0,0,0
14,A,chr14,61229411,60762693,rs4902002,chr14:60762693:G:A,A,G,0,0,0,0,0,0,0,0,0,0,0,0
14,C,chr14,69459229,68992512,rs242105,chr14:68992512:A:C,C,A,0,0,0,0,0,0,0,0,0,0,0,0
14,T,chr14,74932268,74465565,rs2190876,chr14:74465565:C:T,T,C,0,0,0,0,0,0,0,0,0,0,0,0
14,T,chr14,77300863,76834520,rs2056857,chr14:76834520:C:T,T,C,-0.924686227,0,0,0,0,0,0,0,0,0,0,0
14,C,chr14,77382268,76915925,rs112263420,chr14:76915925:T:C,C,T,0,0,0,0,0,0,0,0,0,0,0,0
14,T,chr14,89550378,89084034,rs17714667,chr14:89084034:C:T,T,C,0,0,0,0,0,0,0,0,0,0,0,0
14,G,chr14,91963722,91497378,rs8010382,chr14:91497378:A:G,G,A,0,0,0,0,0,0,0,0,0,0,0,0
15,A,chr15,28481498,28236352,rs4932685,chr15:28236352:G:A,A,G,0,0,0,0,0,0,0,0,0,0,0,0
15,G,chr15,36392562,36100361,rs11073147,chr15:36100361:A:G,G,A,0,0,0,0,0,0,0,0,0,0,0,0
15,T,chr15,38828140,38535939,rs8043085,chr15:38535939:G:T,T,G,0,0,0,0,0,0,0,0,0,0,0,0
15,A,chr15,40634717,40342516,rs4923864,chr15:40342516:G:A,A,G,0,0,0,0,0,0,0,0,0,0,0,0
15,A,chr15,40741295,40449096,rs12898690,chr15:40449096:G:A,A,G,0,0,0,0,0,0,0,0,0,0,0,0
15,G,chr15,43849886,43557688,rs2470134,chr15:43557688:A:G,G,A,0,0,0,0,0,0,0,0,1.313021631,0,0,0
15,C,chr15,49794020,49501823,rs7169799,chr15:49501823:T:C,C,T,0,0,0,0,0.985610374,0,0,0,0,0,0,0
15,T,chr15,52587740,52295543,rs149336329,chr15:52295543:G:T,T,G,0,0,0,0,0,0,0,0,0,0,0,0
15,T,chr15,53082471,52790274,rs2440317,chr15:52790274:G:T,T,G,0,0,0,0,0.874242975,0,0,0,0,0,0,0
15,A,chr15,57369850,57077652,rs28490139,chr15:57077652:G:A,A,G,0,0,0,0,0,0,0,0,0,0,0,0
15,A,chr15,58676821,58384622,rs11858759,chr15:58384622:G:A,A,G,0,0,0,0,-0.972868394,-0.946624771,-0.884350253,0,-1.233157297,0,0,0
15,A,chr15,60938816,60646617,rs8033609,chr15:60646617:C:A,A,C,0,0,0,0,0,0,0,0.860433494,0,0,0,0
15,T,chr15,62391608,62099409,rs7163757,chr15:62099409:C:T,T,C,-2.397207779,0,0,0,0,0,0,0,-0.850792323,0,0,0
15,T,chr15,63871292,63579093,rs7178762,chr15:63579093:C:T,T,C,0,0,0,0,0,0,-0.928750119,0,0,0,0,0
15,A,chr15,67261172,66968834,rs11071927,chr15:66968834:C:A,A,C,0,0,0,0,0,0,0,0,0,0,0,0
15,C,chr15,73973662,73681321,rs57909886,chr15:73681321:T:C,C,T,0,0,0,0,0,0,0,1.086958863,0,0,0,0
15,G,chr15,74328576,74036235,rs9479,chr15:74036235:A:G,G,A,0,0,0,0,0,0,0,0,0,0,0,0
15,T,chr15,75814388,75522047,rs6495182,chr15:75522047:C:T,T,C,0,0,0,0,0,0,0,0,0,0,0,0
15,G,chr15,77782335,77489993,rs12910361,chr15:77489993:A:G,G,A,0,1.033996057,0,0,0,0,0,0,0,0,0,0
15,T,chr15,84547222,83878470,rs1812707,chr15:83878470:C:T,T,C,1.032921049,0,0,0.963076984,0,0,0,0,0,0,0,0
15,T,chr15,90381278,89838046,rs893617,chr15:89838046:C:T,T,C,-1.075695501,0,0,0,0,0,0,0,0,0,0,0
15,A,chr15,91512067,90968837,rs2290203,chr15:90968837:G:A,A,G,1.027091475,0,0,0,0,0,0,0,0,0,0,0
15,G,chr15,91687671,91144441,rs55697176,chr15:91144441:A:G,G,A,0,0,0,0,0,0,0,0,0,0,0,0
15,A,chr15,93925327,93382098,rs4777857,chr15:93382098:G:A,A,G,0,0,0,0,0,0,0,0,0,0,0,0
15,T,chr15,99276521,98733292,rs59646751,chr15:98733292:G:T,T,G,0,0,0,0,1.161099933,0,0,0,0,0,0,0
16,T,chr16,128954,78955,rs1013358,chr16:78955:C:T,T,C,-0.880647004,0,0,0,0,0,0,0,0,0,0,0
16,C,chr16,15153717,15059860,rs9927842,chr16:15059860:T:C,C,T,0,0,0,-0.805818948,0,0,0,0,0,0,0,0
16,C,chr16,20254875,20243553,rs12596903,chr16:20243553:T:C,C,T,0,0,0,0,0,0,0,0,0,0,0,0
16,C,chr16,20370981,20359659,rs9929710,chr16:20359659:A:C,C,A,0,0,0,-0.80348221,0,0,0,0,0,0,0,0
16,A,chr16,28897452,28886131,rs8056890,chr16:28886131:G:A,A,G,0,0,0,1.733266305,0,0,0,0,0,0,0,0
16,A,chr16,29958216,29946895,rs8054556,chr16:29946895:G:A,A,G,0,0,0,1.279265191,0,0,0,0,0,0,0,0
16,C,chr16,300388,250389,rs55857387,chr16:250389:T:C,C,T,-1.107688216,-0.838644792,0,0,0,0,0,0,0,0,0,0
16,T,chr16,337691,287691,rs34665498,chr16:287691:C:T,T,C,0,0,0,-0.801311307,0,0,0,0,0,0,0,0
16,T,chr16,3656482,3606481,rs8061528,chr16:3606481:C:T,T,C,0,0,0,0,0,0,0,0,0,0,0,0
16,G,chr16,53355830,53321918,rs11075915,chr16:53321918:A:G,G,A,0,0,0,0,0,0,0,0,0,0,0,0
16,A,chr16,53544993,53511081,rs3095571,chr16:53511081:G:A,A,G,0,0,0,0,0,0,0,0,0,0,0,0
16,C,chr16,53800954,53767042,rs1421085,chr16:53767042:T:C,C,T,0,0,0,3.93479302,0,0,0,0,0,0,0,0
16,A,chr16,54387084,54353172,rs2216063,chr16:54353172:G:A,A,G,0,0,0,0,0,0,0,0,0,0,0,0
16,C,chr16,56471410,56437498,rs7189122,chr16:56437498:T:C,C,T,0,0,0,0,0.794036018,0,0,0,0,0,0,0
16,A,chr16,69666683,69632780,rs244415,chr16:69632780:G:A,A,G,0,0,0,-1.165972431,0,0,0,0,0,0,0,0
16,G,chr16,70660243,70626340,rs13330163,chr16:70626340:A:G,G,A,0,0,0,0,0,0,0,0,0,0,0,0
16,T,chr16,71639533,71605630,rs9302625,chr16:71605630:G:T,T,G,0,0,0,0,0,0,0,0,0,0,0,0
16,G,chr16,73096243,73062344,rs2285394,chr16:73062344:A:G,G,A,0,0,0,0,0,0,0,0,0,0,0,0
16,A,chr16,75252327,75218429,rs8056814,chr16:75218429:G:A,A,G,0,0,0,0,0,0,0,0,0,0,0,0
16,A,chr16,81533789,81500184,rs56823429,chr16:81500184:C:A,A,C,0,0,0,0,0,0,-2.055196146,0,0,0,0,0
16,T,chr16,81599271,81565666,rs2966117,chr16:81565666:G:T,T,G,0,0,0,0,0,0,0,0,0,0,0,0
16,G,chr16,85716463,85682857,rs11646052,chr16:85682857:A:G,G,A,0,0,0,0,0,0,0,0,0,0,0,0
16,T,chr16,87856424,87822818,rs4384608,chr16:87822818:C:T,T,C,0,0,0,0,0,0,0,0,0,0,0,0
16,C,chr16,88137977,88104371,rs60615129,chr16:88104371:A:C,C,A,0,0,0,0,0,0,0,0,0,0,0,0
16,C,chr16,88554480,88488072,rs9937296,chr16:88488072:T:C,C,T,0,0,0,0,0,0,0,0,0,0,0,0
16,T,chr16,89630630,89564222,rs12932337,chr16:89564222:C:T,T,C,1.150036484,0,0,0,0,0,0,0,0,0,0,0
16,T,chr16,89786761,89720353,rs56283750,chr16:89720353:C:T,T,C,0,0,0,0,0,0,0,0,0,0,0,0
16,G,chr16,967241,917241,rs12918782,chr16:917241:A:G,G,A,0,0,0,0,0.880733715,0,0,0,0,0,0,0
17,T,chr17,17344653,17441339,rs925095,chr17:17441339:C:T,T,C,0,0,0,0,0,0,0,0,0,0,0,0
17,C,chr17,17708129,17804815,rs11654081,chr17:17804815:T:C,C,T,0,0,0,0,0,0,-1.3061123,0,0,0,0,0
17,A,chr17,27570622,29243604,rs9913225,chr17:29243604:G:A,A,G,0,0,0,0,0,0,0,0,0,0,0,0
17,A,chr17,29628549,31301531,rs2040792,chr17:31301531:C:A,A,C,0,0,0,0,-1.32680097,0,0,0,0,0,0,0
17,T,chr17,34862220,36506381,rs1109442,chr17:36506381:C:T,T,C,-0.847605409,0,0,-0.860462806,0,0,0,0,0,0,0,0
17,A,chr17,36047417,37687414,rs3110641,chr17:37687414:G:A,A,G,0,0,0,0,0,0,0,0,0,0,0,0
17,C,chr17,36099840,37739849,rs11651755,chr17:37739849:T:C,C,T,0.832093852,0,0,0,0,0,0,0,0,0,0,0
17,C,chr17,37746307,39590054,rs11078916,chr17:39590054:T:C,C,T,0,0,0,0,0,0,0,0,0,0,0,0
17,C,chr17,3988451,4085157,rs8071043,chr17:4085157:T:C,C,T,0,0,0,0,0,0,0,0,0,0,0,0
17,A,chr17,40706273,42554255,rs676387,chr17:42554255:C:A,A,C,0,0,0,0,0,0,0,0,0,0,0,0
17,G,chr17,41456413,43379045,rs56799554,chr17:43379045:A:G,G,A,0,0,0,0,0,0,0,0,0,0,0,0
17,A,chr17,46178674,48101312,rs3744347,chr17:48101312:G:A,A,G,0.858605143,0,0,0,0,0,0,0,0,0,0,0
17,A,chr17,47060322,48982960,rs35895680,chr17:48982960:C:A,A,C,0,0,0,0,0,0,0,0,0,0,0,0
17,T,chr17,481604,578364,rs11870735,chr17:578364:C:T,T,C,0,0,0,0,0,0,0,0,0,0,0,0
17,T,chr17,4854480,4951185,rs366577,chr17:4951185:C:T,T,C,0,0,0,0,0,0,0,0,0,0,0,0
17,A,chr17,61565025,63487664,rs4335,chr17:63487664:G:A,A,G,0,0,0,0,0,0,0,0,0,0,0,0
17,A,chr17,65646092,67649976,rs11658220,chr17:67649976:G:A,A,G,1.214540439,0,0,0,0,0,0,0,0,0,0,0
17,C,chr17,65825248,67829132,rs12603589,chr17:67829132:T:C,C,T,0,0,0,1.029623266,0,0,0,0,0,0,0,0
17,T,chr17,6953558,7050239,rs73239895,chr17:7050239:C:T,T,C,0,0,0,0,0,0,0,0,0,0,0,0
17,A,chr17,70645032,72648893,rs61736066,chr17:72648893:G:A,A,G,0,0,0,0,0,0,0,0,0,0,0,0
17,A,chr17,71027543,73031404,rs9912666,chr17:73031404:G:A,A,G,0,0,0,0,0,0,0,0,0,0,0,0
17,T,chr17,74432562,76436480,rs4516263,chr17:76436480:C:T,T,C,0,0,0,0,0,0,0,0,0,0,0,0
17,C,chr17,7531965,7628647,rs858519,chr17:7628647:T:C,C,T,0,0,0,0,0,0,0,0,0,0,-6.614574076,0
17,C,chr17,75373200,77377118,rs312827,chr17:77377118:T:C,C,T,0,0,0,0,0.927961954,0,0,0,0,0,0,0
17,T,chr17,76772288,78776206,rs7224711,chr17:78776206:C:T,T,C,0,0,0,0,0,0,0,0,0,0,0,0
17,T,chr17,77895311,79921512,rs9912236,chr17:79921512:C:T,T,C,0,0,0,0,0,0,0,0,0,0,0,0
17,G,chr17,78757626,80783826,rs11150745,chr17:80783826:A:G,G,A,0,0,0,-0.930964255,0,0,0,0,0,0,0,0
17,G,chr17,9787845,9884528,rs17810376,chr17:9884528:A:G,G,A,1.490786529,0,0,0,0,0,0,0,0,0,0,0
18,G,chr18,13259893,13259894,rs11080638,chr18:13259894:A:G,G,A,0,0,0,0,0,0,0,0,0,0,0,0
18,T,chr18,21083738,23503774,rs303760,chr18:23503774:C:T,T,C,0,0,0,1.081780301,0,0,0,0,0,0,0,0
18,C,chr18,31582890,34002926,rs17747955,chr18:34002926:T:C,C,T,1.121380097,0,0,0,0,0,0,0,0,0,0,0
18,A,chr18,36746623,39166659,rs7227272,chr18:39166659:G:A,A,G,0,0,0,0,0,0,0,0,0,0,0,0
18,T,chr18,40066006,42486041,rs410150,chr18:42486041:C:T,T,C,0,0,0,0,0,0,0,0,0,0,0,0
18,G,chr18,4845027,4845028,rs9958640,chr18:4845028:A:G,G,A,0,0,0,0,0,0,0,0,0,0,0,0
18,C,chr18,53050646,55383415,rs72926932,chr18:55383415:A:C,C,A,0,0.889741746,0,0,0,0,0,0,0,0,0,0
18,A,chr18,53166594,55499363,rs17596995,chr18:55499363:G:A,A,G,0,0,0,0,0,0,0,0,0,0,0,0
18,T,chr18,53428347,55761116,rs17089932,chr18:55761116:C:T,T,C,0,0,0,0,0,0,0,0,0,0,0,0
18,T,chr18,54578482,56911251,rs10048404,chr18:56911251:C:T,T,C,0,0,0,0,0,0,0,0,0,0,0,0
18,C,chr18,56879827,59212595,rs9319943,chr18:59212595:T:C,C,T,0,0,0,0,0,0,0,0,0,0,0,0
18,C,chr18,57829135,60161902,rs6567160,chr18:60161902:T:C,C,T,0,0,0,2.220116822,0,0,0,0,0,0,0,0
18,C,chr18,60845884,63178651,rs12454712,chr18:63178651:T:C,C,T,0,0,0,0,0,0,-0.862867594,-1.453572292,0,0,0,0
18,A,chr18,63426979,65759743,rs2032217,chr18:65759743:G:A,A,G,0,0,0,0.809834683,0,0,0,0,0,0,0,0
18,C,chr18,7070642,7070643,rs7240767,chr18:7070643:T:C,C,T,0,0,0,0,0,0,0,0,0,0,0,0
18,T,chr18,74558999,76847043,rs6565922,chr18:76847043:C:T,T,C,0,0,0,0,0,0,0,0,0,0,0,0
19,T,chr19,1224286,1224287,rs35004890,chr19:1224287:G:T,T,G,0,0,0,0,0,0,0,0,0,0,0,0
19,G,chr19,12505873,12395059,rs7246440,chr19:12395059:A:G,G,A,0,0,0,0,0,0,0,0,0,0,0,0
19,T,chr19,13010643,12899829,rs9384,chr19:12899829:G:T,T,G,0,0,0,0,0,0,0,0,0,0,0,0
19,T,chr19,13176020,13065206,rs76567647,chr19:13065206:G:T,T,G,0,0,0,0,-0.824970467,0,0,0,0,0,0,0
19,T,chr19,1646712,1646713,rs4807125,chr19:1646713:C:T,T,C,0.907214708,0,0,0,0,0,0,0,0,0,0,0
19,T,chr19,18834514,18723704,rs10404726,chr19:18723704:C:T,T,C,0,0,0,-1.171236479,0,0,0,0,0,0,0,0
19,T,chr19,19379549,19268740,rs58542926,chr19:19268740:C:T,T,C,0,0,0,0,0,1.96176642,0,1.728659892,0,0,0,1.230631412
19,A,chr19,31865946,31375040,rs2867570,chr19:31375040:G:A,A,G,0,0,0,0,0,0,0,0,0,0,0,0
19,C,chr19,33896432,33405526,rs4805881,chr19:33405526:A:C,C,A,0,0,-0.825142311,0,0,0,-1.001669251,-1.967023001,0,0,0,0
19,C,chr19,45357377,44854120,rs4803764,chr19:44854120:T:C,C,T,0,0,0,0,0,-2.864287215,0,0,0,0,0,0
19,C,chr19,45411941,44908684,rs429358,chr19:44908684:T:C,C,T,0,0,0,-0.859499198,0,-7.717246476,0,0,0,0,0,0
19,A,chr19,46158417,45655159,rs8107527,chr19:45655159:G:A,A,G,0.793392744,0,0,0,0,0,0,0,0,0,0,0
19,C,chr19,47597102,47093845,rs10408163,chr19:47093845:T:C,C,T,0,0,0,0.835333895,0,0,0,0,0,0,0,0
19,T,chr19,4967739,4967728,rs12185519,chr19:4967728:C:T,T,C,0,0,0,0,0,0,0,0,0,0,0,0
19,C,chr19,7240848,7240837,rs75253922,chr19:7240837:T:C,C,T,0,0,0,0,0,0,0,0,0,0,0,0
19,C,chr19,7293119,7293108,rs8101064,chr19:7293108:T:C,C,T,0,0,0,0,0,0,-0.898086334,0,0,0,0,0
19,A,chr19,7968168,7903283,rs2115107,chr19:7903283:G:A,A,G,0,0,0,0,1.269739529,0,0,0,0,0,0,0
2,G,chr2,105165674,104549216,rs10469860,chr2:104549216:A:G,G,A,0,0,0,0,0,0,0,0,0,0,0,0
2,C,chr2,112253851,111496274,rs1345203,chr2:111496274:T:C,C,T,0,0,0,0,0,0,-1.407315573,0,0,0,0,0
2,T,chr2,112823114,112065537,rs74677818,chr2:112065537:C:T,T,C,0,0,0,0,0,0,0,0,0,0,0,0
2,G,chr2,121337196,120579620,rs9308614,chr2:120579620:A:G,G,A,-0.794281728,0,0,0,0,0,0,0,0,0,0,0
2,T,chr2,121449208,120691632,rs62167015,chr2:120691632:C:T,T,C,0,0,0,0,0,0,0,-0.797398617,0,0,0,0
2,T,chr2,145256545,144498978,rs6705150,chr2:144498978:C:T,T,C,0,0,0,0,0,0,0,0,0,0,0,0
2,T,chr2,145726656,144969089,rs12151653,chr2:144969089:C:T,T,C,0,0,0,0,0,0,0,0,0,0,0,0
2,A,chr2,146350724,145593156,rs6716394,chr2:145593156:G:A,A,G,0,0,0,0,0,0,0,0,0,0,0,0
2,G,chr2,149433085,148675516,rs7558502,chr2:148675516:A:G,G,A,-0.788501335,0,0,0,0,0,0,0,0,0,0,0
2,T,chr2,152198598,151342084,rs3845843,chr2:151342084:C:T,T,C,0,0,0,0,0,0,0,0,0,0,0,0
2,G,chr2,16098393,15958271,rs6750986,chr2:15958271:A:G,G,A,1.063472496,0,0,0,0,0,0,0,0,0,0,0
2,C,chr2,161333872,160477361,rs6710938,chr2:160477361:A:C,C,A,0,0,0,-1.109421988,0,0,0,0,0,0,0,0
2,A,chr2,16238001,16097879,rs28758542,chr2:16097879:G:A,A,G,0,0,0,0,0,0,0,0,0,0,0,0
2,T,chr2,163623932,162767422,rs305686,chr2:162767422:C:T,T,C,0,0,0,0,0,0,0,0,0,0,0,0
2,T,chr2,165508389,164651879,rs10184004,chr2:164651879:C:T,T,C,0,0,0,0,0,0,-2.854593307,-1.294493698,0,0,0,0
2,A,chr2,16574669,16393401,rs11680058,chr2:16393401:G:A,A,G,0,0,0,0,0,0,0,0,0,0,0,0
2,T,chr2,166166456,165309946,rs997508,chr2:165309946:C:T,T,C,0,0,0,0,0,0,0,0,0,0,0,0
2,T,chr2,166610827,165754317,rs13406280,chr2:165754317:C:T,T,C,0,0,0,0,0,0,0,0,0,0,0,0
2,A,chr2,175197545,174332817,rs12992995,chr2:174332817:C:A,A,C,0,0,0,-0.888638339,0,0,0,0,0,0,0,0
2,A,chr2,179650954,178786227,rs6715901,chr2:178786227:G:A,A,G,0,0,0,0,0,0,0,0,0,0,0,0
2,G,chr2,181618654,180753927,rs6741676,chr2:180753927:A:G,G,A,0,0,0,-1.12851091,0,0,0,0,0,0,0,0
2,A,chr2,18707873,18526607,rs11096542,chr2:18526607:G:A,A,G,0,0,0,0,0,0,0,0,0,0,0,0
2,C,chr2,196952010,196087286,rs6712905,chr2:196087286:T:C,C,T,0,0,0,0,0,0,0,0,0,0,0,0
2,A,chr2,203235139,202370416,rs6714523,chr2:202370416:G:A,A,G,0,0,0,0,0,0,0,0,0,0,0,0
2,A,chr2,205375909,204511186,rs4482463,chr2:204511186:C:A,A,C,0,0,0,-0.907626096,0,0,0,0,0,0,0,0
2,G,chr2,208870017,208005293,rs34329895,chr2:208005293:A:G,G,A,0,0,0,0,0,0,0,0,0,0,0,0
2,G,chr2,212274937,211410212,rs3828242,chr2:211410212:A:G,G,A,0,0,0,0,-0.926494176,0,0,0,0,0,0,0
2,C,chr2,213829721,212964997,rs4673712,chr2:212964997:T:C,C,T,-1.169223013,0,0,0,0,0,0,0,0,0,0,0
2,A,chr2,219168432,218303709,rs1877712,chr2:218303709:G:A,A,G,0,0,0,0,0,0,-0.812724621,0,0,0,0,0
2,T,chr2,227105921,226241205,rs2943650,chr2:226241205:C:T,T,C,0,0,0,0,0,0,2.340462222,2.132416459,0,0,0,0
2,C,chr2,228971884,228107168,rs13415288,chr2:228107168:T:C,C,T,0,0,0,0.868571245,0,0,0,0,0,0,0,0
2,C,chr2,230442,230442,rs10205435,chr2:230442:T:C,C,T,0,0,0,0,0,0,0,0,0,0,0,0
2,G,chr2,234304198,233395552,rs838722,chr2:233395552:A:G,G,A,1.25460247,0,0,0,0,0,0,0,0,1.271311452,0,0
2,T,chr2,234668570,233759924,rs887829,chr2:233759924:C:T,T,C,0,0,0,0,0,0,0,0,0,14.35398375,0,0
2,G,chr2,25635771,25412902,rs34845373,chr2:25412902:A:G,G,A,0,0,0,0,-1.295796289,0,0,0,0,0,0,0
2,C,chr2,27730940,27508073,rs1260326,chr2:27508073:T:C,C,T,0,0,0,0,0,0,0,0,7.654749304,0,0,0.810841423
2,T,chr2,37204168,36977025,rs77424687,chr2:36977025:C:T,T,C,0,0,0,0,0,0,0,0,0,0,0,0
2,T,chr2,45188370,44961231,rs340515,chr2:44961231:G:T,T,G,0,0,0,0,0,0,0,0,0,0,0,0
2,A,chr2,55157914,54930777,rs5010712,chr2:54930777:G:A,A,G,0,0,0,0,0,0,0,0,0,0,0,0
2,C,chr2,58975143,58748008,rs12986742,chr2:58748008:T:C,C,T,0,0,0,1.116907506,0,0,0,0,0,0,0,0
2,T,chr2,59200011,58972876,rs80005838,chr2:58972876:C:T,T,C,0,0,0,0,0,0,0,0,0,0,0,0
2,A,chr2,59311536,59084401,rs980183,chr2:59084401:G:A,A,G,0,0,0,-1.093691747,0,0,0,0,0,0,0,0
2,C,chr2,60285100,60057965,rs980329,chr2:60057965:T:C,C,T,0,0,0,0.869351548,0,0,0,0,0,0,0,0
2,A,chr2,60584819,60357684,rs243021,chr2:60357684:G:A,A,G,0,0,0,0,1.11076643,0,0,0,0,0,0,0
2,G,chr2,65279414,65052280,rs2723065,chr2:65052280:A:G,G,A,0,0,0,0,0,0,0,-1.087642232,0,0,0,0
2,T,chr2,653874,653874,rs10188334,chr2:653874:C:T,T,C,0,0,0,-1.818547528,0,0,0,0,0,0,0,0
2,C,chr2,65661468,65434334,rs12185610,chr2:65434334:A:C,C,A,0,0,0,0,0,0,-0.800130753,0,0,0,0,0
2,G,chr2,67622243,67395111,rs4671799,chr2:67395111:A:G,G,A,0,0,0,0,0,0,0,0,0,0,0,0
2,C,chr2,67878328,67651196,rs1430780,chr2:67651196:T:C,C,T,-0.943112677,0,0,0,0,0,0,0,0,0,0,0
2,C,chr2,86707504,86480381,rs4832290,chr2:86480381:T:C,C,T,0,0,0,0,0,0,0,0,0,0,0,0
20,A,chr20,2100095,2119449,rs6137042,chr20:2119449:G:A,A,G,-1.102610979,0,0,0,0,0,0,0,0,0,0,0
20,C,chr20,21466795,21486157,rs13041756,chr20:21486157:T:C,C,T,0,0,0,0,0,0,0,0,0,0,0,0
20,T,chr20,22428284,22447646,rs7274134,chr20:22447646:C:T,T,C,0,0,0,0,0,0,0,0,0,0,0,0
20,T,chr20,32435978,33848172,rs7274168,chr20:33848172:C:T,T,C,0.821809381,0,0,0,0,0,0,0,0,0,0,0
20,G,chr20,32675727,34087921,rs6059662,chr20:34087921:A:G,G,A,0,0,0,0,0,0,0,0,0,0,0,0
20,C,chr20,42230695,43602055,rs6073143,chr20:43602055:T:C,C,T,0,0,0,0,0,0,0,0,0,0,0,0
20,C,chr20,42994812,44366172,rs12625671,chr20:44366172:T:C,C,T,0,0,0,0,0,0,0,0,0,0,0,0
20,C,chr20,48830265,50213728,rs6012876,chr20:50213728:T:C,C,T,0,0,0,0,0,0,0,0,0,0,0,0
20,C,chr20,50155386,51538847,rs6021276,chr20:51538847:T:C,C,T,0,0,0,0,0,0,0,0,0,0,0,0
20,A,chr20,51033681,52417142,rs4809906,chr20:52417142:G:A,A,G,0,0,0,-0.885128122,0,0,-0.935518591,0,0,0,0,0
20,G,chr20,51620857,53004318,rs2252115,chr20:53004318:A:G,G,A,0,0,0,0,0,0,0,0,0,0,0,0
20,C,chr20,57396495,58821440,rs4810145,chr20:58821440:T:C,C,T,0,0,0,0,0,0,0,0,0,0,0,0
20,T,chr20,61280662,62649310,rs2427363,chr20:62649310:C:T,T,C,-1.080075927,0,0,0,0,0,0,0,0,0,0,0
20,C,chr20,62450664,63819311,rs6011155,chr20:63819311:T:C,C,T,0,0,0,0,0,0,0,0,0,0,0,0
20,C,chr20,62692060,64060707,rs6090040,chr20:64060707:A:C,C,A,0,0,0,0,0,0,-0.818319212,0,0,0,0,0
21,C,chr21,47764477,46344563,rs11701361,chr21:46344563:T:C,C,T,0,0,0,0,0,0,0,0,0,0,0,0
22,T,chr22,19969696,19982173,rs2240716,chr22:19982173:C:T,T,C,0,0,0,0,0,0,0,0,0,0,0,0
22,C,chr22,29369398,28973410,rs5762925,chr22:28973410:A:C,C,A,0,0,0,0,0,0,0,0,0,0,0,0
22,A,chr22,32203334,31807348,rs75307421,chr22:31807348:G:A,A,G,0,0,0,0,0,0,0,0,0,0,0,0
22,G,chr22,35705359,35309366,rs138771,chr22:35309366:A:G,G,A,-1.3771177,0,0,0,0,0,0,0,0,0,0,0
22,T,chr22,38600542,38204535,rs2267373,chr22:38204535:C:T,T,C,0,0,0,0,0,0,1.178905035,0,0,0,0,0
22,C,chr22,40541838,40145834,rs2005999,chr22:40145834:T:C,C,T,0,0,0,0,0,0,0,0,0,0,0,0
22,T,chr22,41593581,41197577,rs11913442,chr22:41197577:C:T,T,C,0,0,0,0.845173784,0,0,0,0,0,0,0,0
22,A,chr22,44324855,43928975,rs3747207,chr22:43928975:G:A,A,G,0,0,0,0,0,0,0,3.150660742,0,0,0,0
22,G,chr22,46314108,45918228,rs73175043,chr22:45918228:A:G,G,A,0,0,0,0,0,0,0,0,0,0,0,0
22,T,chr22,50356850,49963202,rs1801645,chr22:49963202:C:T,T,C,0,0,0,0,0,0,0,0,0,0,0,0
3,A,chr3,113288430,113569583,rs11929640,chr3:113569583:G:A,A,G,0,0,0,0,0,0,0,0,0,0,0,0
3,C,chr3,115063672,115344825,rs7645613,chr3:115344825:T:C,C,T,0,0,0,0,0,0,0,0,0,0,0,0
3,G,chr3,123065778,123346931,rs11708067,chr3:123346931:A:G,G,A,0,-2.467445573,0,0,0,0,0,0,0,0,0,0
3,T,chr3,12329783,12288284,rs17036160,chr3:12288284:C:T,T,C,0,0,0,0,0,0,-1.326645088,-2.226376615,0,0,0,0
3,T,chr3,124921457,125202613,rs9873519,chr3:125202613:C:T,T,C,0,0.917203517,0,0,0,0,0,0,0,0,0,0
3,G,chr3,129020778,129301935,rs6765930,chr3:129301935:A:G,G,A,0,0,0,0,0,0,-0.793869801,0,0,0,0,0
3,C,chr3,129293256,129574413,rs2255703,chr3:129574413:T:C,C,T,0,0,0,0,0,0,0,0,0,0,0,0
3,A,chr3,131750844,132032000,rs9857204,chr3:132032000:G:A,A,G,0,0,0,1.109918219,0,0,0,0,0,0,0,0
3,T,chr3,136069472,136350630,rs667920,chr3:136350630:G:T,T,G,0,0,0,0,0,0,0,1.246013738,0,0,1.366520161,0
3,T,chr3,138055136,138336294,rs6766859,chr3:138336294:C:T,T,C,0,0,0,0,0,0,0,0,0,0,0,0
3,C,chr3,141101839,141382997,rs56243018,chr3:141382997:A:C,C,A,0,-0.937403955,0,0,0,0,0,0,0,0,0,0
3,T,chr3,149221563,149503776,rs28712435,chr3:149503776:C:T,T,C,0,0,0,0,0,0,0,0,0,0,0,0
3,A,chr3,152084243,152366454,rs7633673,chr3:152366454:G:A,A,G,0,0,0,0,0,0,0,0,0,0,0,0
3,G,chr3,152320458,152602669,rs11929247,chr3:152602669:A:G,G,A,0,0,0,0,0,0,0,0,0,0,0,0
3,A,chr3,15706124,15664617,rs924753,chr3:15664617:G:A,A,G,0,0,0,-1.0546756,0,0,0,0,0,0,0,0
3,A,chr3,160152299,160434511,rs13403,chr3:160434511:C:A,A,C,0,-0.877194451,0,0,0,0,0,0,0,0,0,0
3,T,chr3,168226052,168508264,rs13099581,chr3:168508264:C:T,T,C,0,0,0,0,0,0,0,0,0,0,0,0
3,C,chr3,170724883,171007094,rs8192675,chr3:171007094:T:C,C,T,0,-2.555328488,0,0,0,0,0,0,0,0,0,0
3,C,chr3,173107443,173389653,rs247975,chr3:173389653:T:C,C,T,0,0,0,1.035820048,0,0,0,0,0,0,0,0
3,T,chr3,173710695,173992905,rs59489841,chr3:173992905:C:T,T,C,0,0,0,-0.804568926,0,0,0,0,0,0,0,0
3,C,chr3,183738460,184020672,rs2872246,chr3:184020672:A:C,C,A,0,0,0,0,0,0,0,0,0,0,0,0
3,A,chr3,184882015,185164227,rs61579137,chr3:185164227:G:A,A,G,0,0,0,0,0,0,0,0,0,0,0,0
3,T,chr3,18549716,18508224,rs4973727,chr3:18508224:C:T,T,C,0,0,0,0,0,0,0,0,0,0,0,0
3,A,chr3,185534482,185816694,rs9859406,chr3:185816694:G:A,A,G,0,1.02159387,0,0,0,0,1.202201975,0,0,0,0,0
3,T,chr3,185830488,186112699,rs55742087,chr3:186112699:C:T,T,C,0,0,0,0,0,0,0,0,0,0,0,0
3,A,chr3,185884518,186166729,rs3774052,chr3:186166729:G:A,A,G,0,0,0,0,0,0,0,0,0,0,0,0
3,T,chr3,186665645,186947857,rs3887925,chr3:186947857:C:T,T,C,1.755816315,0,0,0,0,0,0,0,0,0,0,0
3,G,chr3,187741842,188024054,rs6777684,chr3:188024054:A:G,G,A,0,1.182972633,0,0,0,0,0,0,0,0,0,0
3,C,chr3,195831237,196104366,rs9872347,chr3:196104366:T:C,C,T,0,0,0,0,0,0,0,0,0,0,0,0
3,C,chr3,23457080,23415589,rs13094957,chr3:23415589:T:C,C,T,-1.210169419,0,0,0,0,0,0,0,0,0,0,0
3,A,chr3,23559269,23517778,rs35966355,chr3:23517778:G:A,A,G,0,0,0,0,0,0,0,0,0,0,0,0
3,A,chr3,28731810,28690319,rs9869477,chr3:28690319:G:A,A,G,-0.825613746,0,0,0,0,0,0,0,0,0,0,0
3,A,chr3,35670150,35628658,rs1470560,chr3:35628658:G:A,A,G,1.078682969,0,0,1.102180029,0,0,0,0,0,0,0,0
3,G,chr3,36870230,36828739,rs11129735,chr3:36828739:A:G,G,A,0,0,0,0,-1.125177563,0,0,0,0,0,0,0
3,C,chr3,49995518,49958085,rs6792892,chr3:49958085:T:C,C,T,0,0,0,1.536206606,1.766641854,0,0,0,0,0,0,0
3,C,chr3,53118204,53084188,rs2564929,chr3:53084188:T:C,C,T,0,0,0,0,0,0,0,0,0,0,0,0
3,G,chr3,58282930,58297203,rs7622771,chr3:58297203:A:G,G,A,0,0,0,0,0,0,0,0,0,0,0,0
3,C,chr3,63948566,63962890,rs13434089,chr3:63962890:T:C,C,T,0,0,0,0,0,0,0,0,0,0,0,0
3,T,chr3,64703394,64717718,rs66815886,chr3:64717718:G:T,T,G,0,0,0,0,0,0,-1.983753915,0,0,0,0,0
3,T,chr3,72803590,72754439,rs9814945,chr3:72754439:C:T,T,C,0,0,0,0,0,0,0,0,0,0,0,0
3,A,chr3,77671721,77622570,rs2272163,chr3:77622570:C:A,A,C,0,0,0,0,0,0,0,0,0,0,0,0
3,G,chr3,86756871,86707721,rs6549112,chr3:86707721:T:G,G,T,0,0,0,0,0,0,0,0,0,0,0,0
3,T,chr3,88130136,88080986,rs73146095,chr3:88080986:C:T,T,C,0,0,0,0,-1.322420425,0,0,0,0,0,0,0
3,T,chr3,93981060,94262216,rs978444,chr3:94262216:G:T,T,G,0,0,0,-0.998587559,0,0,0,0,0,0,0,0
3,A,chr3,9514016,9472332,rs3872707,chr3:9472332:G:A,A,G,1.297191647,0,0,0.785057833,0,0,0,0,0,0,0,0
4,C,chr4,102172941,101251784,rs2850335,chr4:101251784:T:C,C,T,0,0,0,0,0,0,0,0,0,0,0,0
4,G,chr4,103895317,102974160,rs7659468,chr4:102974160:T:G,G,T,0,0,0,0,0,0,0,0,0,0,0,0
4,C,chr4,106048291,105127134,rs17035289,chr4:105127134:T:C,C,T,1.60712536,0,0,0,0,0,0,0,0,0,0,0
4,T,chr4,121765788,120844633,rs4833687,chr4:120844633:C:T,T,C,0,0,0,0,0,0,0,0,0,0,0,0
4,G,chr4,1240299,1246511,rs730831,chr4:1246511:T:G,G,T,0,0,0,0,0,0,0,0,0,0,0,0
4,T,chr4,129024273,128103118,rs4834232,chr4:128103118:C:T,T,C,0,0,0,0,0,0,0,0,0,0,0,0
4,G,chr4,130786346,129865191,rs2952858,chr4:129865191:A:G,G,A,0,0,0,0,0,0,0,0,0,0,0,0
4,C,chr4,137083193,136162038,rs1296328,chr4:136162038:A:C,C,A,0,0,0,-1.032565816,0,0,0,0,0,0,0,0
4,T,chr4,140879929,139958775,rs2604918,chr4:139958775:G:T,T,G,0,0,0,0,0,0,0,0,0,0,0,0
4,A,chr4,145613807,144692655,rs6812830,chr4:144692655:G:A,A,G,0,0,0,0,0,0,-1.201741688,0,0,0,0,0
4,T,chr4,153520475,152599323,rs6813195,chr4:152599323:C:T,T,C,0,0,-0.972242142,0,0,0,0,0,0,0,0,0
4,C,chr4,156697784,155776632,rs2125799,chr4:155776632:T:C,C,T,1.040595302,0,0,0,0,0,0,0,0,0,0,0
4,A,chr4,157652753,156731601,rs28819812,chr4:156731601:C:A,A,C,0,0,0,0,0,0,-1.425583633,-0.829824733,0,0,0,0
4,T,chr4,1784403,1782676,rs56337234,chr4:1782676:C:T,T,C,0,0,0,0,0,0,0,0,0,0,0,0
4,T,chr4,18044357,18042734,rs2169033,chr4:18042734:C:T,T,C,0,0,0,0,0,0,0,0,0,0,0,0
4,G,chr4,186580062,185658908,rs35901985,chr4:185658908:A:G,G,A,0,0,0,0,0,0,0,0,0,0,0,0
4,C,chr4,20265535,20263912,rs7664347,chr4:20263912:T:C,C,T,0,0,0,0,0,0,0,0,0,0,0,0
4,A,chr4,44503503,44501486,rs34617913,chr4:44501486:G:A,A,G,0,0,0,0,0.94887511,0,0,0,0,0,0,0
4,A,chr4,45186139,45184122,rs10938398,chr4:45184122:G:A,A,G,0,0,0,1.683647713,0,0,0,0,0,0,0,0
4,C,chr4,52798624,51932458,rs1996617,chr4:51932458:T:C,C,T,0,0,0,0,1.173880038,0,0,0,0,0,0,0
4,A,chr4,6306144,6304417,rs4580722,chr4:6304417:C:A,A,C,0,0,0,0,0,0,0,0,0,0,0,0
4,A,chr4,71835822,70970105,rs7674402,chr4:70970105:G:A,A,G,0,0,0,0,0,0,0,0,0,0,0,0
4,A,chr4,720681,726892,rs73221116,chr4:726892:G:A,A,G,1.171451067,0,0,0,0,0,0,0,0,0,0,0
4,G,chr4,76496817,75571607,rs6835992,chr4:75571607:A:G,G,A,0,0,0,0,0,0,0,0,0,0,0,0
4,T,chr4,77017680,76096527,rs4440243,chr4:76096527:C:T,T,C,0,0,0,0,0,0,0,0,0,0,0,0
4,G,chr4,77533939,76612786,rs56281442,chr4:76612786:A:G,G,A,0,0,0,0,0,0,0,0,0,0,0,0
4,G,chr4,83584496,82663343,rs993380,chr4:82663343:A:G,G,A,0,0,0,0,0,0,0,0,0,0,0,0
4,A,chr4,85391794,84470641,rs1444960,chr4:84470641:G:A,A,G,0,0,0,0,0,0,0,0,0,0,0,0
4,T,chr4,89713121,88791970,rs9991328,chr4:88791970:C:T,T,C,0,0,0,0,0,0,1.953897095,0,0,0,0,0
4,C,chr4,91249838,90328687,rs17227797,chr4:90328687:T:C,C,T,0,0,0,0.8870365,0,0,0,0,0,0,0,0
4,G,chr4,96114385,95193234,rs3755879,chr4:95193234:A:G,G,A,0,0,0,0,0,0,0,0,0,0,0,0
5,C,chr5,122650885,123315191,rs144052331,chr5:123315191:T:C,C,T,0,0,0,0,0,0,0,0,0,0,0,0
5,T,chr5,133861663,134525973,rs329118,chr5:134525973:C:T,T,C,0,0,1.123835526,0,0.913841075,0,0,0,0,0,0,0
5,A,chr5,134241445,134905755,rs319597,chr5:134905755:G:A,A,G,0,0,0,0,0,0,0,0,0,0,0,0
5,T,chr5,137431501,138095812,rs217256,chr5:138095812:C:T,T,C,0,0,0,0,0,0,0,0,0,0,0,0
5,G,chr5,151324600,151945039,rs302395,chr5:151945039:T:G,G,T,0.86218713,0,0,0,0,0,0,0,0,0,0,0
5,A,chr5,153547409,154167849,rs7701886,chr5:154167849:G:A,A,G,0,0,0,-0.869335843,0,0,0,0,0,0,0,0
5,A,chr5,158029734,158602726,rs1650505,chr5:158602726:G:A,A,G,0.801378806,0,0,0,0,0,0.848002162,0.815428674,0,0,0,0
5,G,chr5,170683134,171256130,rs2913873,chr5:171256130:A:G,G,A,0,0,0,0,0,0,0,0,0,0,0,0
5,A,chr5,176679407,177252406,rs4343858,chr5:177252406:G:A,A,G,0,0,0,0,0,0,0,0,0,0,0,0
5,T,chr5,180226516,180799516,rs6885157,chr5:180799516:G:T,T,G,0,0,0,0,0,0,0,0,0,0,0,0
5,A,chr5,44644006,44643904,rs4479849,chr5:44643904:G:A,A,G,0,0,0,0,0,0,0,0,0,0,0,0
5,G,chr5,51551575,52255741,rs4431306,chr5:52255741:A:G,G,A,0,0,0,0,0,0,0,0,0,0,0,0
5,T,chr5,51763665,52467831,rs12187734,chr5:52467831:C:T,T,C,0,0,0,0,0,0,0,0,0,0,0,0
5,C,chr5,52085403,52789569,rs3762991,chr5:52789569:T:C,C,T,0,0,0,0,0,0,0,0,0,0,0,0
5,G,chr5,52193125,52897294,rs4074793,chr5:52897294:A:G,G,A,0,0,0,0,0,0,0,0,0,0,0,0
5,C,chr5,52850891,53555061,rs889292,chr5:53555061:T:C,C,T,0,0,0,0,0,0,0,0,0,0,0,0
5,A,chr5,53272664,53976834,rs4865796,chr5:53976834:G:A,A,G,0,0,0,0,0,0,0,1.378883318,0,0,0,0
5,C,chr5,54986775,55690947,rs6897117,chr5:55690947:T:C,C,T,0,0,0,0,0,0,0,0,0,0,0,0
5,T,chr5,55807370,56511543,rs464605,chr5:56511543:C:T,T,C,0,0,0.860181484,0,0,0,0,1.94940914,0,0,0,0
5,G,chr5,55860781,56564954,rs3936511,chr5:56564954:A:G,G,A,0,0,0,0,0,0,1.901511581,0.960913815,0,0,0,0
5,A,chr5,56196604,56900777,rs96844,chr5:56900777:G:A,A,G,0,0,0,0,0,0,0,0,0,0,0,0
5,T,chr5,57738539,58442712,rs154489,chr5:58442712:C:T,T,C,0,0,0,0,0,0,0,0,0,0,0,0
5,G,chr5,67714246,68418419,rs4976033,chr5:68418419:A:G,G,A,0,0,0,0,1.075486696,0,0.930751439,1.114101455,0,0,0,0
5,C,chr5,74877803,75581978,rs5744672,chr5:75581978:T:C,C,T,0,0,0,0,0,-1.087104344,0,0,0,0,0,0
5,A,chr5,76435004,77139179,rs7732130,chr5:77139179:G:A,A,G,0,-1.11690554,0,0,0,0,0,0,0,0,0,0
5,G,chr5,76658331,77362506,rs12697864,chr5:77362506:A:G,G,A,0,0,0,0,0,0,0,0,0,0,0,0
5,A,chr5,78546293,79250470,rs2591392,chr5:79250470:G:A,A,G,0,0,0,-0.839894318,0,0,0,0,0,0,0,0
5,G,chr5,86577352,87281535,rs7719891,chr5:87281535:A:G,G,A,0,0,0,0,0,0,0,0,0,0,0,0
5,T,chr5,87102981,87807164,rs73167517,chr5:87807164:G:T,T,G,0,0,0,0,0,0,0,0,0,0,0,0
5,T,chr5,87697533,88401716,rs6870983,chr5:88401716:C:T,T,C,0,0,0,-0.908904808,-1.090027592,0,0,0,0,0,0,0
5,T,chr5,87943345,88647527,rs13162708,chr5:88647527:C:T,T,C,0,0,0,0.851267963,0,0,0,0,0,0,0,0
5,C,chr5,95850250,96514546,rs261967,chr5:96514546:A:C,C,A,0,0,0,0.876782872,0,0,0,0,0,0,0,0
6,T,chr6,107445266,107124062,rs7752666,chr6:107124062:C:T,T,C,0,0,0,0,0,0,0,0,0,0,0,0
6,C,chr6,111738793,111417590,rs55812705,chr6:111417590:T:C,C,T,0,0,0,0,0,0,0,0,0,0,0,0
6,C,chr6,117996631,117675468,rs80196932,chr6:117675468:T:C,C,T,0,0,0,0,0,0,0,0,0,0,0,0
6,G,chr6,126792095,126470949,rs11759026,chr6:126470949:A:G,G,A,0,0,0.785301223,0,0,0,0,0,0.879411211,0,0,0
6,A,chr6,127412728,127091583,rs12192275,chr6:127091583:G:A,A,G,0,0,-1.012369363,0,0,0,0,0,0,0,0,0
6,T,chr6,131926334,131605194,rs2608953,chr6:131605194:C:T,T,C,0,0,0,0,0,0,0,0,0,0,0,0
6,T,chr6,137295352,136974215,rs2876354,chr6:136974215:C:T,T,C,0,0,0,0,0,0,0,0,0,0,0,0
6,C,chr6,138864489,138543352,rs7742292,chr6:138543352:T:C,C,T,0,0,0,0,0,0,0,0,0,0,0,0
6,A,chr6,139208733,138887596,rs1188832,chr6:138887596:C:A,A,C,-0.895490707,0,0,0,0,0,0,0,0,0,0,0
6,C,chr6,139837128,139515991,rs11155073,chr6:139515991:T:C,C,T,0,0,0,0,0,0,-2.858257854,0,0,0,0,-1.278081713
6,A,chr6,140249466,139928329,rs616279,chr6:139928329:G:A,A,G,0,0,0,0,0,0,0,0,0,0,0,0
6,C,chr6,143056556,142735419,rs9390022,chr6:142735419:T:C,C,T,0,0,0,0,0,0,0,0,0,0,0,0
6,T,chr6,153440770,153119635,rs7758002,chr6:153119635:G:T,T,G,0,0,0,0,0,0,0,0,0,0,0,0
6,G,chr6,154355100,154033965,rs6936615,chr6:154033965:A:G,G,A,0,0,0,0.881816019,0,0,0,0,0,0,0,0
6,C,chr6,15481379,15481148,rs2179167,chr6:15481148:T:C,C,T,0,0,0,0,0,0,0,0,0,0,0,0
6,G,chr6,160770918,160349886,rs501470,chr6:160349886:T:G,G,T,0,0,-2.012043651,0,0,0,-0.975867971,0,0,0,-2.132689268,0
6,T,chr6,164133001,163711969,rs4709746,chr6:163711969:C:T,T,C,0,0,0,0,0,0,-1.157348554,-0.946221869,0,0,0,0
6,T,chr6,19751516,19751285,rs10806906,chr6:19751285:C:T,T,C,0,0,0,0,0,0,0,0,0,0,0,0
6,A,chr6,20686996,20686765,rs9368222,chr6:20686765:C:A,A,C,2.498356913,1.455496285,0,0,0,0,0,0,0,0,0,0
6,C,chr6,33552707,33584930,rs75080135,chr6:33584930:A:C,C,A,0,0,0,0,0,0,0,0,0,0,0,0
6,C,chr6,33802890,33835113,rs62397595,chr6:33835113:T:C,C,T,0,0,0,0,0,0,0,0,0,0,0,0
6,C,chr6,34244132,34276355,rs115245297,chr6:34276355:T:C,C,T,0,0,0,0,0,0,2.070646371,0,0,0,0,0
6,T,chr6,39016636,39048860,rs10305420,chr6:39048860:C:T,T,C,0,0,0,0,-1.023283005,0,0,0,0,0,0,0
6,C,chr6,39056929,39089153,rs9296291,chr6:39089153:T:C,C,T,0,0,0,0,0,0,0,0,0,0,0,0
6,A,chr6,39282371,39314595,rs34247110,chr6:39314595:G:A,A,G,0,0,0,0,0,0,0,0,0,0,0,0
6,A,chr6,39288945,39321169,rs1109772,chr6:39321169:G:A,A,G,0,0,0,0,0,0,0,0,0,0,0,0
6,G,chr6,39342395,39374619,rs8180594,chr6:39374619:A:G,G,A,0,0,0,0,0,0,0,0,0,0,0,0
6,C,chr6,40409243,40441504,rs34298980,chr6:40441504:T:C,C,T,0,0,0,-1.027354348,0,0,0,0,0,0,0,0
6,C,chr6,41012117,41044378,rs9367093,chr6:41044378:A:C,C,A,0.78021612,0,0,0,0,0,0,0,0,0,0,0
6,A,chr6,43757896,43790159,rs998584,chr6:43790159:C:A,A,C,1.343109541,0,0,0,0,0,3.584264114,0,0,0,0,0
6,T,chr6,43801878,43834141,rs2894536,chr6:43834141:C:T,T,C,0,0,0,0,0,0,0,0,0,0,0,0
6,A,chr6,43814625,43846888,rs10456526,chr6:43846888:G:A,A,G,0,0,2.161399818,0,0,0,0,0,0,0,0,0.783560908
6,G,chr6,44900253,44932516,rs3799986,chr6:44932516:A:G,G,A,0,0,0,0,0,0,0,0,0,0,0,0
6,C,chr6,50788778,50821065,rs3798519,chr6:50821065:A:C,C,A,0,0,0,1.379091309,0,0,0,0,0,0,0,0
6,G,chr6,51241141,51376343,rs2465017,chr6:51376343:A:G,G,A,0,0,0,0,0,0,0,0,0,0,0,0
6,C,chr6,64163807,63453902,rs9449295,chr6:63453902:T:C,C,T,0,0,0,0,0,0,0,0,0,0,0,0
6,A,chr6,7231843,7231610,rs9379084,chr6:7231610:G:A,A,G,0,-0.975638875,0,0,0,0,0,0,0,0,0,0
6,G,chr6,7275926,7275693,rs11243149,chr6:7275693:A:G,G,A,0,-0.934005087,0,0,0,0,0,0,0,0,0,0
7,G,chr7,100313420,100715797,rs506597,chr7:100715797:A:G,G,A,0,0,0,0,0,0,0,0,0,0,0,0
7,G,chr7,102433678,102793231,rs112613078,chr7:102793231:A:G,G,A,-0.823742646,0,0,0,0,0,0,0,0,0,0,0
7,T,chr7,103444978,103804531,rs39328,chr7:103804531:C:T,T,C,0,0,0,0,0,0,0,0,0,0,0,0
7,A,chr7,117495667,117855613,rs6976111,chr7:117855613:C:A,A,C,0,0,0,0,0,0,0,0,0,0,0,0
7,A,chr7,12269593,12229967,rs13237518,chr7:12229967:C:A,A,C,0,0,0,0,0,0,0,0,0,0,0,0
7,G,chr7,126864679,127224625,rs4532535,chr7:127224625:T:G,G,T,0,0,0,0,0,0,0,0,0,0,0,0
7,T,chr7,130433384,130748625,rs4731702,chr7:130748625:C:T,T,C,0,0,0,0,0,0,-0.817693983,-1.047043075,0,0,0,0
7,C,chr7,131574608,131889849,rs12667919,chr7:131889849:A:C,C,A,0,0,0,0,-1.106510102,0,0,0,0,0,0,0
7,T,chr7,13886654,13847029,rs7787720,chr7:13847029:C:T,T,C,0,0,0,0,0,0,0,0,0,0,0,0
7,T,chr7,13986506,13946881,rs56041031,chr7:13946881:C:T,T,C,0,0,0,0,0,0,0,0,0,0,0,0
7,G,chr7,140522073,140822273,rs60251368,chr7:140822273:A:G,G,A,0,0,0,0,0,0,0,0,0,0,0,0
7,A,chr7,142607301,142910135,rs4252505,chr7:142910135:G:A,A,G,0,0,0,0,0,0,0,0,0,0,0,0
7,A,chr7,147658539,147961447,rs1922879,chr7:147961447:G:A,A,G,0,0,0,-0.807265898,0,0,0,0,0,0,0,0
7,A,chr7,148429806,148732714,rs243513,chr7:148732714:G:A,A,G,0,0,0,0,0,0,0,0,0,0,0,0
7,T,chr7,14898282,14858657,rs17168486,chr7:14858657:C:T,T,C,0,1.509473665,0,0,0,0,0,0,0,0,0,0
7,C,chr7,149238823,149541732,rs62490267,chr7:149541732:T:C,C,T,0,0,0,0,0,0,0,0,0,0,0,0
7,A,chr7,150537635,150840547,rs62492368,chr7:150840547:G:A,A,G,0,0,0,0,0.829251653,0,0,0,0,0,0,0
7,T,chr7,15064255,15024630,rs2191348,chr7:15024630:G:T,T,G,0,2.304927846,0,0,0,0,0,0,0,0,0,0
7,C,chr7,156948648,157155954,rs6946660,chr7:157155954:T:C,C,T,0,0,0,0,0,0,0,0,0,0,0,0
7,C,chr7,15926228,15886603,rs38221,chr7:15886603:T:C,C,T,0,0,0,0,0,0,0,0,0,0,0,0
7,A,chr7,18331915,18292292,rs583769,chr7:18292292:G:A,A,G,0,0,0,0,0,0,0,0,0,0,0,0
7,T,chr7,1929019,1889383,rs73048106,chr7:1889383:G:T,T,G,0,0,0,0,0,0,0,0,0,0,0,0
7,G,chr7,23884697,23845078,rs2188848,chr7:23845078:A:G,G,A,0,0,0,0,0,0,0,0,0,0,0,0
7,A,chr7,25971153,25931533,rs6951827,chr7:25931533:G:A,A,G,0,0,0,0,0,0,-0.835501838,0,0,0,0,0
7,A,chr7,2760750,2721116,rs798549,chr7:2721116:C:A,A,C,0,0,0,0,0,0,0,0,0,0,0,0
7,A,chr7,28194397,28154778,rs860262,chr7:28154778:C:A,A,C,0,-1.017138403,0,0,0,0,-0.905773237,0,0,0,0,0
7,T,chr7,30728452,30688836,rs917195,chr7:30688836:C:T,T,C,-1.299521505,0,0,0,0,0,0,0,0,0,0,0
7,T,chr7,36742886,36703281,rs6978327,chr7:36703281:C:T,T,C,0.806240576,0,0,0.80784828,0,0,0,0,0,0,0,0
7,T,chr7,40816653,40777054,rs17439448,chr7:40777054:C:T,T,C,0,0,0,0,0,0,0,0,0,0,0,0
7,A,chr7,44223721,44184122,rs730497,chr7:44184122:G:A,A,G,0,4.566590619,0,0,0,0,0,0,0,0,0,0
7,T,chr7,44362545,44322946,rs11772021,chr7:44322946:C:T,T,C,0,-0.904170137,0,0,0,0,0,0,0,0,0,0
7,A,chr7,45116468,45076869,rs3735491,chr7:45076869:C:A,A,C,0,0,0,0,0,0,0,0,0,0,0,0
7,A,chr7,4683572,4643941,rs62452060,chr7:4643941:G:A,A,G,0,0,0,0,0,0,0,0,0,0,0,0
7,G,chr7,48839003,48799407,rs12539264,chr7:48799407:A:G,G,A,0,0,0,0,0,0,0,0,0,0,0,0
7,C,chr7,50577968,50510270,rs73121277,chr7:50510270:T:C,C,T,0,0,0,0,0.907315237,0,0,0,0,0,0,0
7,A,chr7,50809085,50741388,rs13236710,chr7:50741388:G:A,A,G,0,0,0,0,0,0,0,0,0,0,0,0
7,C,chr7,55802063,55734370,rs6972291,chr7:55734370:T:C,C,T,0,0,0,0,0.840283826,0,0,0,0,0,0,0
7,A,chr7,69649683,70184697,rs6975279,chr7:70184697:C:A,A,C,0,0,0,0.808294822,0,0,0,0,0,0,0,0
7,G,chr7,7249747,7210116,rs11763876,chr7:7210116:A:G,G,A,0,0,0,0,0,0,0,0,0,0,0,0
7,A,chr7,74076493,74662156,rs13238568,chr7:74662156:G:A,A,G,-1.325152944,0,0,0,0,0,0,0,0,0,0,0
7,G,chr7,77047102,77417785,rs12669521,chr7:77417785:A:G,G,A,0,0,0,0,0,0,0,0,0,0,0,0
7,A,chr7,77828739,78199422,rs3779274,chr7:78199422:G:A,A,G,0,0,0,-0.803907383,0,0,0,0,0,0,0,0
7,C,chr7,89803634,90174320,rs6956980,chr7:90174320:T:C,C,T,0.781549811,0.849658415,0,0,0,0,0,0,0,0,0,0
8,A,chr8,103876325,102864097,rs2679745,chr8:102864097:G:A,A,G,0,0,0,0,0,0,0,0,0,0,0,0
8,G,chr8,105662373,104650145,rs112515915,chr8:104650145:A:G,G,A,0,0,0,0,0,0,0,0,0,0,0,0
8,A,chr8,110140564,109128335,rs4734193,chr8:109128335:C:A,A,C,0,0,0,0,0,0,0,0,0,0,0,0
8,C,chr8,116565365,115553138,rs3802219,chr8:115553138:T:C,C,T,0,0,0,-0.789739152,0,0,0,0,0,0,0,0
8,T,chr8,118184783,117172544,rs13266634,chr8:117172544:C:T,T,C,-1.534444425,-2.565741262,0,0,0,0,0,0,0,0,0,0
8,T,chr8,12643055,12785546,rs12056338,chr8:12785546:G:T,T,G,0,0,0,0,0,0,0,0,0,0,0,0
8,C,chr8,126472671,125460429,rs10216723,chr8:125460429:A:C,C,A,0,0,0,0,0,0,0,0,0,0,0,0
8,T,chr8,126630568,125618324,rs72724622,chr8:125618324:G:T,T,G,0,0,0,0,1.197390621,0,0.804415284,0,0,0,0,0
8,T,chr8,129568078,128555832,rs1561927,chr8:128555832:C:T,T,C,0,0,0,0,0,0,0,0,0,0,0,0
8,C,chr8,132879777,131867530,rs10505581,chr8:131867530:T:C,C,T,0,0,0,0,0,0,0,0,0,0,0,0
8,T,chr8,135775546,134763303,rs4294149,chr8:134763303:C:T,T,C,1.258387196,0,0,0,0,0,0,0,0,0,0,0
8,C,chr8,14148990,14291481,rs35753840,chr8:14291481:A:C,C,A,0.819747448,0,0,0,0,0,0,0,0,0,0,0
8,T,chr8,145525277,144301594,rs13268508,chr8:144301594:C:T,T,C,0,0,0,0,1.148058802,0,0,0,0,0,0,0
8,A,chr8,145903077,144677692,rs997258,chr8:144677692:C:A,A,C,0,0,0,0,0,0,0,0,0,0,0,0
8,A,chr8,17922154,18064645,rs1234372,chr8:18064645:G:A,A,G,0,0,0,0,0,0,0,0,0,0,0,0
8,T,chr8,19830921,19973410,rs10096633,chr8:19973410:C:T,T,C,0,0,0,0,0,0,-1.249608549,-1.123981767,0,0,0,0
8,T,chr8,22492103,22634590,rs6558173,chr8:22634590:G:T,T,G,0,0,0,0,0,0,0,0,0,0,0,0
8,T,chr8,25464670,25607154,rs73221948,chr8:25607154:G:T,T,G,0,0,1.810843202,0,0,0,0,0,0,0,0,0
8,G,chr8,25871721,26014205,rs11998023,chr8:26014205:T:G,G,T,0,0,0,0,0,0,0,0,0,0,0,0
8,C,chr8,26159509,26301993,rs9650418,chr8:26301993:T:C,C,T,0,0,0,0,0,0,0,0,0,0,0,0
8,T,chr8,28095939,28238422,rs11994255,chr8:28238422:C:T,T,C,0,0,0,0,0,0,0,0,0,0,0,0
8,C,chr8,30852826,30995310,rs2725370,chr8:30995310:T:C,C,T,0,0,0,-1.142593093,0,0,0,0,0,0,0,0
8,C,chr8,34502571,34645053,rs4463416,chr8:34645053:A:C,C,A,0,0,0,-0.829601894,0,0,0,0,0,0,0,0
8,G,chr8,36858483,37000965,rs13365225,chr8:37000965:A:G,G,A,0,0,0,0,0,0,0,0.860056467,0,0,0,0
8,C,chr8,37397803,37540285,rs12680217,chr8:37540285:T:C,C,T,0,0,0,0,0,0,0,0,0,0,0,0
8,C,chr8,38343012,38485494,rs328301,chr8:38485494:T:C,C,T,-1.075674628,0,0,0,0,0,0,0,0,0,0,0
8,A,chr8,41508577,41651058,rs13262861,chr8:41651058:C:A,A,C,0,0,-0.926474261,0,0,0,0,0,0,0,0,0
8,A,chr8,57496064,56583505,rs3887059,chr8:56583505:G:A,A,G,0,0,0,0,0.856144434,0,0,0,0,0,0,0
8,G,chr8,72419498,71507263,rs10096191,chr8:71507263:T:G,G,T,0,0,0,0,0,0,1.074759485,0,0,0,0,0
8,A,chr8,73485225,72572990,rs349330,chr8:72572990:G:A,A,G,0,0,0,0,0,0,0,0,0,0,0,0
8,G,chr8,74568099,73655864,rs28792187,chr8:73655864:A:G,G,A,0,0,0,0,0,0,0,0,0,0,0,0
8,C,chr8,95685147,94672919,rs11786992,chr8:94672919:A:C,C,A,0,-0.96099882,-0.859453458,0,0,0,0,0,0,0,0,0
8,G,chr8,95967372,94955144,rs10808671,chr8:94955144:A:G,G,A,0,-0.7857679,0,0,0,0,0,0,0,0,0,0
8,G,chr8,97138738,96126510,rs510062,chr8:96126510:A:G,G,A,0,0,0,0,0,0,0,0,0,0,0,0
8,G,chr8,9974584,10117074,rs60384372,chr8:10117074:A:G,G,A,0,0,0,0,0,0,0,-0.839422035,0,0,0,0
9,T,chr9,1036552,1036552,rs7856320,chr9:1036552:C:T,T,C,0,0,0,0,0,0,0,0.863105214,0,0,0,0
9,A,chr9,111938268,109175988,rs10119430,chr9:109175988:G:A,A,G,0,0,0,0,0,0,0,0,0,0,0,0
9,G,chr9,116943357,114181077,rs1431819,chr9:114181077:A:G,G,A,0.854451886,0,0,0,0,0,0,0,0,0,0,0
9,G,chr9,119252277,116489998,rs1885234,chr9:116489998:T:G,G,T,0,0,0,0,0,0,0,0,0,0,0,0
9,T,chr9,125689694,122927415,rs10818763,chr9:122927415:C:T,T,C,0,0,0,0,0,0,0,0,0,0,0,0
9,T,chr9,126093422,123331143,rs10739629,chr9:123331143:C:T,T,C,-1.389271391,0,0,0,0,0,0,0,0,0,0,0
9,T,chr9,133786652,130911265,rs6597649,chr9:130911265:C:T,T,C,0,0,0,0.922589398,0,0,0,0,0,0,0,0
9,T,chr9,134868417,131993030,rs9411425,chr9:131993030:G:T,T,G,0,0,0,0,0,0,0,0,0,0,0,0
9,A,chr9,136890704,134025582,rs379417,chr9:134025582:G:A,A,G,0,0,0,0,0,0,0,0.820532424,0,0,0,0
9,G,chr9,139248082,136353630,rs28642213,chr9:136353630:A:G,G,A,0.807196936,0.980326705,0,0,0,0,0,0,0,0,0,0
9,A,chr9,139502321,136607869,rs10870096,chr9:136607869:G:A,A,G,0,0,0,0,0,0,0,0,0,0,0,0
9,G,chr9,14141703,14141704,rs73642097,chr9:14141704:A:G,G,A,0,0,0,0,0,0,0,0,0,0,0,0
9,G,chr9,19074538,19074540,rs12380322,chr9:19074540:A:G,G,A,1.360063119,0,0,0,0,0,0,0,0,0,0,0
9,C,chr9,20241069,20241071,rs7867635,chr9:20241071:T:C,C,T,0,0,0,0,0,0,0,0,0,0,0,0
9,C,chr9,20790622,20790623,rs2150999,chr9:20790623:T:C,C,T,0,0,0,0,0,0,0,0,0,0,0,0
9,C,chr9,22134094,22134095,rs10811661,chr9:22134095:T:C,C,T,-1.363833821,-1.448957187,0,0,0,0,0,0,0,0,0,0
9,G,chr9,22137685,22137686,rs7018475,chr9:22137686:T:G,G,T,0,0.931188857,0,0,0,0,0,0,0,0,0,0
9,T,chr9,22291214,22291215,rs11791293,chr9:22291215:C:T,T,C,0,0,0,0,0,0,0,0,0,0,0,0
9,A,chr9,23358495,23358497,rs7029718,chr9:23358497:G:A,A,G,0,0,0,0,0,0,0,0,0,0,0,0
9,C,chr9,28410683,28410685,rs1412234,chr9:28410685:T:C,C,T,0,0,0,1.243397049,0,0,0,0,0,0,0,0
9,A,chr9,29089437,29089439,rs13288108,chr9:29089439:C:A,A,C,0,0,0,0,0,0,0,0,0,0,0,0
9,T,chr9,3251234,3251234,rs612198,chr9:3251234:C:T,T,C,0,0,0,0,0,0,0,0,0,0,0,0
9,C,chr9,34074476,34074478,rs12001437,chr9:34074478:T:C,C,T,0,0,0,0,0,0,0,0,0,0,0,0
9,A,chr9,35749014,35749017,rs1570247,chr9:35749017:G:A,A,G,0,0,0,0,0,0,0,0,0,0,0,0
9,A,chr9,4290541,4290541,rs10116772,chr9:4290541:C:A,A,C,0,1.332354994,0,0,0,0,0,0,0,0,0,0
9,A,chr9,81344701,78729785,rs1929883,chr9:78729785:G:A,A,G,0,0,0,0,0,0,0,0,0,0,0,0
9,G,chr9,81907986,79293071,rs67269808,chr9:79293071:A:G,G,A,0,0,0,0,0,0,0,0,0,0,0,0
9,C,chr9,8290220,8290220,rs4084051,chr9:8290220:T:C,C,T,0,0,0,0,0,0,0,0,0,0,0,0
9,A,chr9,84308948,81694033,rs2796441,chr9:81694033:G:A,A,G,0,0,0,0,0,0,0,0,0,0,0,0
9,G,chr9,85312272,82697357,rs569518,chr9:82697357:A:G,G,A,0,0,0,0,0,0,0,0,0,0,0,0
9,C,chr9,96454513,93692231,rs7848336,chr9:93692231:T:C,C,T,0,0,0,0,0,0,0,0,0,0,0,0
9,T,chr9,96915002,94152720,rs10993072,chr9:94152720:C:T,T,C,0,0,0,0,0,0,0,0,0,0,0,0
9,A,chr9,97795421,95033139,rs6479591,chr9:95033139:G:A,A,G,0,0,0.816311385,0,0.943154664,0,0,0,0,0,0,0
9,T,chr9,98278413,95516131,rs113154802,chr9:95516131:C:T,T,C,0,0,0,0,0,0,0,-1.031773196,0,0,0,0
