CHROM_n,ea,CHROM,POS_hg19,POS_hg38,RSID,ID_NHS_HPFS,A1,A2,Beta_Cell,Lipodystrophy,Liver_Lipid,Obesity,Proinsulin
1,G,chr1,39835817,39370145,rs2296172,chr1:39370145:A:G,G,A,0,1.03130446870004,0,0,0
1,A,chr1,50909985,50444313,rs17106184,chr1:50444313:G:A,A,G,0,-0.812158610345235,0,0,0
1,C,chr1,219753509,219580167,rs2820443,chr1:219580167:T:C,C,T,0,-1.91855782088013,0,0,0
10,T,chr10,12307894,12265895,rs11257655,chr10:12265895:C:T,T,C,1.586945057,0,0,0,0.780256823681987
10,T,chr10,94462882,92703125,rs1111875,chr10:92703125:C:T,T,C,-2.656150206,0,0,0,0
10,T,chr10,114758349,112998590,rs7903146,chr10:112998590:C:T,T,C,2.467730371,0,0,0,0
11,T,chr11,1696849,1675619,rs2334499,chr11:1675619:C:T,T,C,0.958816907,0,0,0,0
11,A,chr11,2843803,2822573,rs233449,chr11:2822573:G:A,A,G,-1.184444019,0,0,0,0
11,T,chr11,17408630,17387083,rs5215,chr11:17387083:C:T,T,C,-1.190722532,0,0,0,0
11,G,chr11,43876435,43854885,rs3736505,chr11:43854885:A:G,G,A,0.780542751,0,0,1.24,0
11,C,chr11,72433098,72722053,rs1552224,chr11:72722053:A:C,C,A,0,0,0,0,-4.48400519934046
11,G,chr11,92694757,92961591,rs10830961,chr11:92961591:A:G,G,A,3.805805739,0,0,0,0
12,G,chr12,4374373,4265207,rs11063069,chr12:4265207:A:G,G,A,0,0.938117873888079,0,0,0.812262615721723
12,T,chr12,71663102,71269322,rs7961581,chr12:71269322:C:T,T,C,0,0,-0.832409200931551,0,0
12,T,chr12,121471931,121034128,rs7965349,chr12:121034128:C:T,T,C,-1.555165711,0,0,0,0
12,T,chr12,123626982,123142435,rs1106240,chr12:123142435:C:T,T,C,0,0.786263295041277,0,0,0
13,A,chr13,80717156,80143021,rs1359790,chr13:80143021:G:A,A,G,0,0,0,0,-1.0732855787751
14,G,chr14,79945162,79478819,rs10146997,chr14:79478819:A:G,G,A,0,0,0,1.715,0
15,C,chr15,62383155,62090956,rs4502156,chr15:62090956:T:C,C,T,-2.682449859,0,0,0,0
15,C,chr15,90391270,89848038,rs1371135,chr15:89848038:T:C,C,T,-1.542308864,0,0,0,0
15,G,chr15,91544076,91000846,rs12899811,chr15:91000846:A:G,G,A,1.262054068,0,0,0,0
16,G,chr16,53819893,53785981,rs11075990,chr16:53785981:A:G,G,A,0,0,0,4.963,0
16,T,chr16,75245003,75211105,rs9921586,chr16:75211105:G:T,T,G,-1.005367747,0,0,0,0
16,C,chr16,81534790,81501185,rs2925979,chr16:81501185:T:C,C,T,0,-1.74353922229693,0,0,0
17,C,chr17,9791375,9888058,rs17676067,chr17:9888058:T:C,C,T,1.215597221,0,0,0,0
17,G,chr17,36098040,37738049,rs4430796,chr17:37738049:A:G,G,A,1.038124357,0,0,0,0
17,G,chr17,47005193,48927831,rs15563,chr17:48927831:A:G,G,A,0.883230277,0,0,0,0
17,C,chr17,65988049,67991933,rs9891146,chr17:67991933:T:C,C,T,0,-1.07817893986356,0,0,0
18,A,chr18,57884750,60217517,rs12970134,chr18:60217517:G:A,A,G,0,0,0,2.783,0
19,T,chr19,19658472,19547663,rs16996148,chr19:19547663:G:T,T,G,0,0,2.05409166148137,0,0
19,G,chr19,46158513,45655255,rs8108269,chr19:45655255:T:G,G,T,1.254763217,0,0,0,0
2,C,chr2,27741237,27518370,rs780094,chr2:27518370:T:C,C,T,0,0,5.33952961341898,0,0
2,C,chr2,161317460,160460949,rs6742799,chr2:160460949:A:C,C,A,0,0,0,-1.036,0
2,T,chr2,165528876,164672366,rs13389219,chr2:164672366:C:T,T,C,0,-2.73798500223083,0,0,0
2,C,chr2,227093745,226229029,rs2943641,chr2:226229029:T:C,C,T,0,3.00777091816413,0,0,0
20,C,chr20,39832628,41203988,rs17265513,chr20:41203988:T:C,C,T,1.369292386,0,0,0,0
20,A,chr20,42989267,44360627,rs4812829,chr20:44360627:G:A,A,G,0.843930149,0,0,0,0.793323242438631
22,T,chr22,44324730,43928850,rs738408,chr22:43928850:C:T,T,C,0,0,0.84147616597331,0,0
3,A,chr3,12396955,12355456,rs2881654,chr3:12355456:G:A,A,G,0,-2.10695269099128,0,0,0
3,G,chr3,23454790,23413299,rs1496653,chr3:23413299:A:G,G,A,-1.349834571,0,0,0,0
3,A,chr3,47282303,47240813,rs2276853,chr3:47240813:G:A,A,G,0,0.955533913830241,0,0,0
3,T,chr3,64705365,64719689,rs6795735,chr3:64719689:C:T,T,C,0,-0.949143078190887,0,0,0
3,G,chr3,123065778,123346931,rs11708067,chr3:123346931:A:G,G,A,-0.919339873,-1.24241975141191,0,0,0
3,T,chr3,185511687,185793899,rs4402960,chr3:185793899:G:T,T,G,0,0,0,0,0.969492709419557
4,T,chr4,185714289,184793135,rs1996546,chr4:184793135:G:T,T,G,-1.348815166,0,0,0,0
5,A,chr5,53271420,53975590,rs702634,chr5:53975590:G:A,A,G,0,1.28621530075752,0,0,0
5,G,chr5,55806751,56510924,rs459193,chr5:56510924:A:G,G,A,0,1.79894598072143,0,0,0
5,T,chr5,55856375,56560548,rs3843467,chr5:56560548:G:T,T,G,0,1.30896543677872,0,0,0
5,A,chr5,76424949,77129124,rs4457053,chr5:77129124:G:A,A,G,0,-0.964186868172349,0,0,0
6,G,chr6,20679709,20679478,rs7756992,chr6:20679478:A:G,G,A,3.048847064,0,0,0,0
6,C,chr6,31136714,31168937,rs3132524,chr6:31168937:T:C,C,T,0,1.05608816304443,0,0,0
6,T,chr6,32594328,32626551,rs9271775,chr6:32626551:C:T,T,C,0,0,0.975505528519327,0,0
7,C,chr7,14922007,14882382,rs10276674,chr7:14882382:T:C,C,T,0,0,0,0,1.0006937030918
7,G,chr7,130444934,130760175,rs3996352,chr7:130760175:A:G,G,A,0,-1.62801912788151,0,0,0
8,A,chr8,19847690,19990179,rs10503669,chr8:19990179:C:A,A,C,0,-1.53634072545124,0,0,0
8,C,chr8,41519248,41661730,rs516946,chr8:41661730:T:C,C,T,1.120992018,0,0,0,0
8,A,chr8,118185025,117172786,rs3802177,chr8:117172786:G:A,A,G,-2.406988851,0,0,0,0
9,A,chr9,4292083,4292083,rs10758593,chr9:4292083:G:A,A,G,1.093570702,0,0,0,0
9,A,chr9,22061562,22061563,rs2184061,chr9:22061563:C:A,A,C,0.971468871,0,0,0,0
9,C,chr9,22134094,22134095,rs10811661,chr9:22134095:T:C,C,T,-1.765976309,0,0,0,0
9,G,chr9,81905590,79290675,rs17791513,chr9:79290675:A:G,G,A,-0.776349603,0,0,0,0
